18659,Mercer Challengers,Jemin Amin,c Abakas S b Bikash G,20,19,1,2,105.26
18659,Mercer Challengers,Vishal Srivastava,c †Sanket K b Ganesh R,9,10,0,1,90.00
18659,Mercer Challengers,Abhishek Agrawal,run out (Ankit P),10,16,0,0,62.50
18659,Mercer Challengers,Kushal Parikh,c Bikash G b Ankit P,6,8,1,0,75.00
18659,Mercer Challengers,Nikhil Saxena*,b Bikash G,1,4,0,0,25.00
18659,Mercer Challengers,Kartik Malladi,c Vinayak N b Bikash G,2,3,0,0,66.67
18659,Mercer Challengers,Deepesh Naidu,c Thiyagarajan D b Kishan P,17,20,2,0,85.00
18659,Mercer Challengers,Sheshank Reddy,c&b Kishan P,18,8,0,3,225.00
18659,Mercer Challengers,Akhilesh Bhagat,c Vinayak N b Kishan P,0,2,0,0,0.00
18659,Mercer Challengers,Samit Kumbhani,c †Sanket K b Johncy V,2,3,0,0,66.67
18659,Mercer Challengers,Anup Satya,not out,3,3,0,0,100.00
18659,Gryffindors,Vinayak Nair,c Samit K b Deepesh N,4,9,1,0,44.44
18659,Gryffindors,Abakas Sahoo,c †Vishal S b Sheshank R,0,1,0,0,0.00
18659,Gryffindors,Thiyagarajan Dhakshinamoorthy*,c †Deepesh N b Vishal S,9,16,1,0,56.25
18659,Gryffindors,Sohil Kothari,c Kushal P b Vishal S,1,3,0,0,33.33
18659,Gryffindors,Sanket Kulkarni †,c Nikhil S b Sheshank R,8,11,1,0,72.73
18659,Gryffindors,Kishan Patel,not out,45,27,3,3,166.67
18659,Gryffindors,Srini Narisetty,c Kushal P b Samit K,12,9,1,1,133.33
18659,Gryffindors,Ankit Patel,not out,14,14,0,1,100.00
18663,Gujarat United XI,Ankur Shah,c †Nilay P b Mujeeb S,2,11,0,0,18.18
18663,Gujarat United XI,Mayur Patel,c †Nilay P b Arya P,6,7,1,0,85.71
18663,Gujarat United XI,Karan Patel,not out,50,37,2,4,135.14
18663,Gujarat United XI,Sumit Panda,b Mujeeb S,0,1,0,0,0.00
18663,Gujarat United XI,Dhaval Patel*,c Ronny P b Rehan K,4,8,0,0,50.00
18663,Gujarat United XI,Parth Patel,c Deep P b Ziaullah K,15,15,1,1,100.00
18663,Gujarat United XI,Mit Patel,c Deep P b Ziaullah K,0,1,0,0,0.00
18663,Gujarat United XI,Avi Shah,c Rehan K b Ziaullah K,13,8,0,2,162.50
18663,Gujarat United XI,Neel Patel,c Rehan K b Arya P,4,7,1,0,57.14
18663,Gujarat United XI,Daksh Patel,St Nilay P b Arya P,0,1,0,0,0.00
18663,Gujarat United XI,Krunal Patel,not out,1,3,0,0,33.33
18663,SAMP XI,Nilay Patel* †,c Parth P b Daksh P,2,7,0,0,28.57
18663,SAMP XI,Rehan Khan,c&b Avi S,9,14,2,0,64.29
18663,SAMP XI,Ronny Patel,c Karan P b Neel P,10,9,0,1,111.11
18663,SAMP XI,Deep Patel,c Mayur P b Krunal P,4,7,0,0,57.14
18663,SAMP XI,Mujeeb Saeed,c Avi S b Daksh P,25,19,1,2,131.58
18663,SAMP XI,Irfanullah Khan,b Avi S,8,10,0,1,80.00
18663,SAMP XI,Arya Patel,c † b Parth P,2,7,0,0,28.57
18663,SAMP XI,Ziaullah Khan,c Dhaval P b Daksh P,0,1,0,0,0.00
18663,SAMP XI,Monil Patel,not out,11,16,0,1,68.75
18663,SAMP XI,Vasu Patel,b Avi S,0,2,0,0,0.00
18663,SAMP XI,Deep 09,not out,2,4,0,0,50.00
18667,Plainsboro Knights,Rohit Ranjan* †,c&b Ujjaval P,0,4,0,0,0.00
18667,Plainsboro Knights,Shashank Sinha,c †Krunal P b Sherry S,27,34,3,1,79.41
18667,Plainsboro Knights,Sumit Sharma,c Dhruv G b Sherry S,6,10,1,0,60.00
18667,Plainsboro Knights,Shan A S,c Ujjaval P b Rimal P,14,12,0,1,116.67
18667,Plainsboro Knights,Anil Poply,St Krunal P b Rimal P,0,8,0,0,0.00
18667,Plainsboro Knights,Chinmaya Sahu,c Ujjaval P b Rimal P,18,12,2,1,150.00
18667,Plainsboro Knights,Lokesh Prabakaran,not out,11,12,2,0,91.67
18667,Plainsboro Knights,Gowtham Akula,run out (Krunal P),0,7,0,0,0.00
18667,Piscataway Avengers,Krunal Patel* †,c Chinmaya S b Lokesh P,13,14,3,0,92.86
18667,Piscataway Avengers,Rimal Patel,c Sai p b Raghuraman V,14,6,2,1,233.33
18667,Piscataway Avengers,Vrajesh Patel,c †Rohit R b Chinmaya S,26,19,3,1,136.84
18667,Piscataway Avengers,Sherry Singh,c Chinmaya S b Sesha Sai V,4,9,0,0,44.44
18667,Piscataway Avengers,Jignesh Patel,c Lokesh P b Chinmaya S,9,10,1,0,90.00
18667,Piscataway Avengers,Niraj Patel,c Rohit R b Sesha Sai V,0,1,0,0,0.00
18667,Piscataway Avengers,Krunal Shah,c Chinmaya S b Raghuraman V,6,14,0,0,42.86
18667,Piscataway Avengers,Dhruv Gaidhane,c Chinmaya S b Lokesh P,2,7,0,0,28.57
18667,Piscataway Avengers,Hemil Patel,not out,0,0,0,0,0.00
18667,Piscataway Avengers,Ujjaval Patel,c †Rohit R b Lokesh P,2,2,0,0,100.00
18667,Piscataway Avengers,Tirth Patel,not out,0,2,0,1,0.00
18669,Rowdy Rebels,Abdulla Shaikh,c †Bala K b Farukh M,2,5,0,0,40.00
18669,Rowdy Rebels,Nakul Desai,c Mahathiswar K b Emmanuel Samuel N,4,6,0,0,66.67
18669,Rowdy Rebels,Sanjeev Sharma,c Arun Prasad G b Farukh M,27,29,1,2,93.10
18669,Rowdy Rebels,Kushal Kumar,c Mahathiswar K b Emmanuel Samuel N,8,8,0,1,100.00
18669,Rowdy Rebels,Zohair Ahmad Siddiui,c gokul das m b Narender Reddy B,1,6,0,0,16.67
18669,Rowdy Rebels,Darshil Mistry,c †Bala K b Farukh M,17,19,1,1,89.47
18669,Rowdy Rebels,Rishab Shirur,b Farukh M,7,8,1,0,87.50
18669,Rowdy Rebels,Shriraj Amin,c †Bala K b Narender Reddy B,2,7,0,0,28.57
18669,Rowdy Rebels,Anoop Hegde,not out,7,4,1,0,175.00
18669,Rowdy Rebels,Naresh Patel,not out,6,4,0,1,150.00
18669,Newport CC,Hari Kiran Vaddi Gangaraju,b Naresh P,33,28,2,2,117.86
18669,Newport CC,Mahathiswar Kari,c Rishab S b Anoop H,4,2,1,0,200.00
18669,Newport CC,Saikumar Katepalli,c †Sanjeev S b Zoheb K,34,20,1,4,170.00
18669,Newport CC,Usman Bajwa,c Naresh P b Anoop H,11,6,1,1,183.33
18669,Newport CC,Arun Prasad G*,not out,0,0,0,0,0.00
18669,Newport CC,Narender Reddy Bojja,not out,4,2,1,0,200.00
18674,F5,⁠thulasi Thota*,c Ravin P b Mitul P,0,2,0,0,0.00
18674,F5,Vinod Kannan,c Hitesh P b Mitul P,4,3,1,0,133.33
18674,F5,Sujesh Nair,b Jay P,5,6,1,0,83.33
18674,F5,Vimalendu Kumar,c Jay D b Mitul P,31,28,6,0,110.71
18674,F5,Jayanth Prabhu,c Arpit V b Milan D,3,4,0,0,75.00
18674,F5,Subramaniam Sampath,c Arpit V b Milan D,10,11,2,0,90.91
18674,F5,Jinal Jolly,b Jay D,3,8,0,0,37.50
18674,F5,Harihara Ganeshan,c Arpit V b Jay P,0,3,0,0,0.00
18674,F5,Rubesh Selvam,c Komal(KC) P b Jay D,1,7,0,0,14.29
18674,F5,Deniz Baby,not out,4,8,0,0,50.00
18674,F5,Rixon Devassy,c Shalin V b Milan D,5,13,0,0,38.46
18674,Jersey Titans,Shalin Vasavada,c ⁠Thulasi T b Vimalendu K,11,8,2,0,137.50
18674,Jersey Titans,Komal(kc) Patel,b Vimalendu K,8,17,1,0,47.06
18674,Jersey Titans,Jay Domadiya*,b Deniz B,0,3,0,0,0.00
18674,Jersey Titans,Arpit Vaghasia †,b Rixon D,12,23,1,0,52.17
18674,Jersey Titans,Swetketu Patel,b Vimalendu K,0,3,0,0,0.00
18674,Jersey Titans,Hitesh Pandya,c †Arpit V b Sujesh N,4,7,1,0,57.14
18674,Jersey Titans,Gaurav Darji,not out,21,26,3,0,80.77
18674,Jersey Titans,Ravin Patel,run out (Deniz B),6,9,0,0,66.67
===BOWLING===
18659,Gryffindors,Kishan Patel,4.0,0,16,15,3,3.75,2,0
18659,Gryffindors,Ganesh R T,2.0,0,7,13,1,6.50,0,0
18659,Gryffindors,Vinayak Nair,2.0,0,5,13,0,6.50,0,2
18659,Gryffindors,Bikash Ghibila,4.0,0,13,33,3,8.25,2,0
18659,Gryffindors,Ankit Patel,3.0,0,9,21,1,7.00,4,0
18659,Gryffindors,Johncy V,0.4,0,1,3,1,4.50,0,0
18659,Mercer Challengers,Samit Kumbhani,4.0,1,14,25,1,6.25,0,0
18659,Mercer Challengers,Sheshank Reddy,4.0,0,13,19,2,4.75,1,0
18659,Mercer Challengers,Deepesh Naidu,4.0,0,9,33,1,8.25,3,0
18659,Mercer Challengers,Vishal Srivastava,3.0,0,11,22,2,7.33,2,0
18663,SAMP XI,Arya Patel,4.0,0,13,27,3,6.75,2,0
18663,SAMP XI,Mujeeb Saeed,4.0,0,15,29,2,7.25,5,0
18663,SAMP XI,Ziaullah Khan,4.0,0,16,12,3,3.00,0,1
18663,SAMP XI,Rehan Khan,4.0,1,10,37,1,9.25,0,2
18663,Gujarat United XI,Parth Patel,4.0,0,17,18,1,4.50,5,0
18663,Gujarat United XI,Daksh Patel,4.0,0,13,22,3,5.50,0,0
18663,Gujarat United XI,Avi Shah,4.0,0,18,13,3,3.25,1,0
18663,Gujarat United XI,Neel Patel,2.0,0,3,17,1,8.50,0,0
18663,Gujarat United XI,Krunal Patel,2.0,0,8,10,1,5.00,1,0
18667,Piscataway Avengers,Ujjaval Patel,4.0,1,19,16,1,4.00,2,0
18667,Piscataway Avengers,Sherry Singh,4.0,0,17,13,2,3.25,0,0
18667,Piscataway Avengers,Krunal Shah,2.0,0,6,12,0,6.00,0,0
18667,Piscataway Avengers,Dhruv Gaidhane,2.0,0,8,17,0,8.50,0,3
18667,Piscataway Avengers,Rimal Patel,4.0,0,14,23,3,5.75,0,0
18667,Plainsboro Knights,Sesha Sai Veerla,4.0,1,17,18,2,4.50,2,0
18667,Plainsboro Knights,Raghuraman Varadharajan,3.0,0,12,27,2,9.00,2,0
18667,Plainsboro Knights,Lokesh Prabakaran,3.0,0,11,15,3,5.00,2,0
18667,Plainsboro Knights,Chinmaya Sahu,4.0,0,9,22,2,5.50,0,0
18669,Newport CC,Arun Prasad G*,1.0,0,2,5,0,5.00,1,0
18669,Newport CC,Emmanuel Samuel Nair,2.0,0,6,18,2,9.00,1,0
18669,Newport CC,Farukh Manzoor,4.0,0,15,21,4,5.25,2,0
18669,Newport CC,Saikumar Katepalli,1.0,0,3,11,0,11.00,0,0
18669,Newport CC,Gokul Das Maharajan,4.0,1,19,8,0,2.00,0,0
18669,Newport CC,Narender Reddy Bojja,4.0,0,8,24,2,6.00,2,0
18669,Rowdy Rebels,Anoop Hegde,1.3,0,6,9,2,6.00,0,0
18669,Rowdy Rebels,Naresh Patel,3.0,1,12,12,1,4.00,0,0
18669,Rowdy Rebels,Kushal Kumar,3.0,0,6,39,0,13.00,1,1
18669,Rowdy Rebels,Zoheb Khalid*,2.0,0,4,28,1,14.00,0,0
18674,Jersey Titans,Mitul Patel,4.0,0,14,24,3,6.00,8,0
18674,Jersey Titans,Jay Patel,4.0,1,13,25,2,6.25,0,0
18674,Jersey Titans,Milan Dave,3.2,0,13,17,3,5.10,3,0
18674,Jersey Titans,Jay Domadiya*,4.0,1,20,16,2,4.00,4,1
18674,F5,Harihara Ganeshan,1.0,0,4,7,0,7.00,2,0
18674,F5,Sujesh Nair,4.0,0,13,24,1,6.00,6,0
18674,F5,Deniz Baby,4.0,0,11,22,1,5.50,2,0
18674,F5,Vimalendu Kumar,4.0,0,19,18,3,4.50,6,0
18674,F5,Rixon Devassy,3.0,0,14,8,1,2.67,1,0