18994,Plainsboro Eagles,Suresh Kokatam,b Niket D,11,20,1,0,55.00
18994,Plainsboro Eagles,Bharath Reddy,c Shubham P b Sravan N,13,19,1,0,68.42
18994,Plainsboro Eagles,Srinivas Reddy Ch,c Sravan N b Niket D,14,11,3,0,127.27
18994,Plainsboro Eagles,Kiran Kumar,c †Pavan P b Sravan N,6,9,0,0,66.67
18994,Plainsboro Eagles,Bhargav Reddy Napa*,c&b Pratik M,4,10,0,0,40.00
18994,Plainsboro Eagles,Ganesh Sri,c Pratik M b Kamran K,6,6,0,1,100.00
18994,Plainsboro Eagles,Rajesh Paruchuri,c †Pavan P b Ved A,1,2,0,0,50.00
18994,Plainsboro Eagles,Shiva Ungarala,run out (Ved A),6,13,0,0,46.15
18994,Plainsboro Eagles,Tushar Choksi,not out,3,7,0,0,42.86
18994,Plainsboro Eagles,Pavan Palle,not out,0,0,0,0,0.00
18994,Hudson Hurricanes,Pavan Poojar †,not out,40,25,2,3,160.00
18994,Hudson Hurricanes,Aniket Dalal*,not out,46,17,6,2,270.59
18998,Gcc,Chintan Sr,c †Akshay P b Vineet L,0,4,0,0,0.00
18998,Gcc,Urjit Patel (gcc),c Jitendra S b Sushil K,5,11,0,0,45.45
18998,Gcc,Rut Patel,c Parth S b Vineet L,1,6,0,0,16.67
18998,Gcc,Dhaval Patel,b Fenil S,15,27,0,0,55.56
18998,Gcc,Mrugesh Patel*,c †Akshay P b Sushil K,0,2,0,0,0.00
18998,Gcc,Samir Patel,c Fenil S b Vikul R,4,12,0,0,33.33
18998,Gcc,Sahil Patel,c Vikas C b Fenil S,5,8,0,0,62.50
18998,Gcc,Parth Patel,c Akshay P b Vineet L,9,10,1,0,90.00
18998,Gcc,Karan Patel,c Shivansh C b Vikul R,1,3,0,0,33.33
18998,Gcc,Parth Desai,c Vikas C b Fenil S,4,6,0,0,66.67
18998,Gcc,Chintan Patel,not out,13,7,1,1,185.71
18998,Jersey Boys,Ravi Shah,b Karan P,15,14,3,0,107.14
18998,Jersey Boys,Akshay Pal †,c Rut P b Mrugesh P,4,6,0,0,66.67
18998,Jersey Boys,Shivang Chaurushia,not out,13,13,2,0,100.00
18998,Jersey Boys,Vikas Chaudhary,not out,26,7,2,3,371.43
19001,Jetha 11,Jigar D Patel,b Sumesh M,8,9,0,0,88.89
19001,Jetha 11,Haren Patel,c Kamal C b Sumesh M,14,13,0,1,107.69
19001,Jetha 11,Nirav Patel*,b Shuvradeep M,14,9,3,0,155.56
19001,Jetha 11,Nirav Patel Nj,c Harshal G b Shuvradeep M,4,10,0,0,40.00
19001,Jetha 11,Dipal Patel,b Mahesh N,2,4,0,0,50.00
19001,Jetha 11,Deepan Sunny Chauhan,c Sanjay D b Kamal C,10,16,0,0,62.50
19001,Jetha 11,Mayank Patel,c †Amol M b Sumesh M,2,6,0,0,33.33
19001,Jetha 11,Gary Patel,c Sanjay D b Harshal G,1,3,0,0,33.33
19001,Jetha 11,Kishan Patel,c Santosh M b Sumesh M,5,16,0,0,31.25
19001,Jetha 11,Parth Surti,not out,4,5,0,0,80.00
19001,Jetha 11,Vivek Patel,not out,2,5,0,0,40.00
19001,Sreeshti,Sanjay Dak,b Dipal P,1,5,0,0,20.00
19001,Sreeshti,Sandeep Shetty,c Mayank P b Dipal P,3,8,0,0,37.50
19001,Sreeshti,Harshal Gupta,c Parth S b Jigar D P,1,6,0,0,16.67
19001,Sreeshti,Viraj Jasani,b Gary P,5,9,0,0,55.56
19001,Sreeshti,Amol Manjrekar* †,c †Kishan P b Haren P,13,17,0,1,76.47
19001,Sreeshti,Anal Patel,b Dipal P,1,11,0,0,9.09
19001,Sreeshti,Sumesh Mathew,c Haren P b Gary P,2,4,0,0,50.00
19001,Sreeshti,Kamal Choudhury,c Nirav P b Gary P,0,1,0,0,0.00
19001,Sreeshti,Santosh Mesta,b Dipal P,0,4,0,0,0.00
19001,Sreeshti,Mahesh Nagappa,c&b Jigar D P,6,7,1,0,85.71
19001,Sreeshti,Shuvradeep Mukherjee,not out,0,2,0,0,0.00
19002,RHG,Rahil Shah,c Karthikeyan B b Naveen R,1,3,0,0,33.33
19002,RHG,Vivian Pereira,c Aman D b Govind S,8,11,0,1,72.73
19002,RHG,Savan Patel,run out (Satish kumar D),23,25,1,2,92.00
19002,RHG,Raj Patel,c † b Raghuveer B,25,30,1,2,83.33
19002,RHG,Dhwanil Shah,c Jeyaram R b Govind S,6,8,1,0,75.00
19002,RHG,Jatan Patel,c Raghuveer B b Naveen R,11,7,1,1,157.14
19002,RHG,Kevin Shah*,not out,11,6,0,1,183.33
19002,RHG,Hiren Joshi,c&b Raghuveer B,1,3,0,0,33.33
19002,RHG,Nuvan T,not out,6,4,0,1,150.00
19002,Parsippany Phoenix XI,Tushar Patel,b Raj P,32,37,2,2,86.49
19002,Parsippany Phoenix XI,Praveen Vinnakota*,run out (kevin s),0,0,0,0,0.00
19002,Parsippany Phoenix XI,Vikasreddy Rangapur,c †Vivian P b Raj P,7,6,0,1,116.67
19002,Parsippany Phoenix XI,Aman Dudeja,c †Vivian P b Raj P,7,4,0,1,175.00
19002,Parsippany Phoenix XI,Naveen Rayal,not out,31,19,4,2,163.16
19002,Parsippany Phoenix XI,Tej Reddy,not out,2,3,0,0,66.67
19011,Juggernaut,Karan P,run out (Deepesh N),21,24,1,0,87.50
19011,Juggernaut,Durlove Mohanty,c Sehul P b Samit K,5,6,1,0,83.33
19011,Juggernaut,Dev Patel †,c Ankur P b Deepesh N,21,19,3,0,110.53
19011,Juggernaut,Manan Patel*,c Sai Deepak D b Deepesh N,0,2,0,0,0.00
19011,Juggernaut,Devashya Patel,c Jemin A b Ankur P,3,8,0,0,37.50
19011,Juggernaut,Jatan Vaidya,c †Kartik M b Sheshank R,3,8,0,0,37.50
19011,Juggernaut,Lokesh Kumar,c Jemin A b Deepesh N,3,8,0,0,37.50
19011,Juggernaut,Jayan Patel,b Sheshank R,0,2,0,0,0.00
19011,Juggernaut,Kartik Patel,c Sehul P b Samit K,17,10,3,0,170.00
19011,Juggernaut,Jenish Patel,c Sivram I b Samit K,7,6,0,1,116.67
19011,Juggernaut,Kailash Naithani,not out,1,1,0,0,100.00
19011,Mercer Challengers,Jemin Amin,c Karan P b Kailash N,31,16,2,3,193.75
19011,Mercer Challengers,Sheshank Reddy,run out (Dev P/Jenish P),3,18,0,0,16.67
19011,Mercer Challengers,Sehul Patel,c Durlove M b Jatan V,0,5,0,0,0.00
19011,Mercer Challengers,Sai Deepak Dogiparthi,c †Dev P b Kailash N,6,10,0,0,60.00
19011,Mercer Challengers,Deepesh Naidu,run out (Jatan V),2,6,0,0,33.33
19011,Mercer Challengers,Nikhil Saxena*,not out,32,24,0,2,133.33
19011,Mercer Challengers,Anup Satya,run out (Dev P/Jenish P),4,5,0,0,80.00
19011,Mercer Challengers,Samit Kumbhani,c Manan P b Jenish P,2,7,0,0,28.57
19011,Mercer Challengers,Sivram Iyer,not out,1,2,0,0,50.00
19014,Blue Aces CC,Amol Rukmangad,c †Romil G b Vipul P,21,18,4,0,116.67
19014,Blue Aces CC,Sunny Bhardwaj,b Jenish S,9,10,0,1,90.00
19014,Blue Aces CC,Satya Tarun Reddy,c Hardik B b Jenish S,7,7,0,1,100.00
19014,Blue Aces CC,Prabhakar Vudumula,not out,27,30,1,1,90.00
19014,Blue Aces CC,Sandip Nandurkar,c Praveen S b Kunal M,11,11,1,0,100.00
19014,Blue Aces CC,Surya Nallamilli,c Rushi M b Kunal M,3,4,0,0,75.00
19014,Blue Aces CC,Dheeraj Dubey*,c Rushi M b Pranav P,1,6,0,0,16.67
19014,Blue Aces CC,Rajendra Prasad Challa,c Rushi M b Pranav P,0,1,0,0,0.00
19014,Blue Aces CC,Siva Sivalenka †,not out,5,11,0,0,45.45
19014,Nj Braves,Jenish Shah,c Prabhakar V b Surya N,16,25,1,0,64.00
19014,Nj Braves,Romil Gaglani,b Rajendra prasad C,2,9,0,0,22.22
19014,Nj Braves,Divyesh Dobaria*,b Rajendra prasad C,5,7,1,0,71.43
19014,Nj Braves,Hardik Bhilota,c Surya N b Rajendra prasad C,0,2,0,0,0.00
19014,Nj Braves,Praveen Shetty,c †Siva S b Tharak R,0,2,0,0,0.00
19014,Nj Braves,Tejas Patel,run out (Siva S),1,5,0,0,20.00
19014,Nj Braves,Vinoth Suseendran †,c Sandip N b Tharak R,21,20,1,1,105.00
19014,Nj Braves,Kunal Merchant,c Sandip N b Tharak R,6,8,0,0,75.00
19014,Nj Braves,Vipul Patel,c Pranay R b Sandip N,2,3,0,0,66.67
19014,Nj Braves,Pranav Patel,c Prabhakar V b Tharak R,5,7,0,0,71.43
19014,Nj Braves,Rushi Makwana,not out,1,2,0,0,50.00
19019,Gujarat United XI,Mihir Vaghasia,b Sunil S,0,1,0,0,0.00
19019,Gujarat United XI,Mit Patel,c Bikash G b Kishan P,9,9,0,1,100.00
19019,Gujarat United XI,Sumit Panda,c Kishan P b Subodh S,10,11,0,1,90.91
19019,Gujarat United XI,Avi Shah,b Subodh S,0,4,0,0,0.00
19019,Gujarat United XI,Dhaval Patel*,run out (Kishan P/Sohil K),0,2,0,0,0.00
19019,Gujarat United XI,Parth Patel,c&b Bikash G,28,38,2,0,73.68
19019,Gujarat United XI,Neel Patel,c Thiyagarajan D b Kishan P,8,11,0,0,72.73
19019,Gujarat United XI,Mihir Patel,b Ankit P,10,16,0,0,62.50
19019,Gujarat United XI,Ankur Shah,run out (Ankit P),6,2,0,1,300.00
19019,Gujarat United XI,Ajay Jadav,not out,2,2,0,0,100.00
19019,Gujarat United XI,Daksh Patel,not out,2,2,0,0,100.00
19019,Gryffindors,Sandeep Reddy Chidipudi,c Ankur S b Parth P,0,3,0,0,0.00
19019,Gryffindors,Srini Narisetty,c † b Daksh P,0,2,0,0,0.00
19019,Gryffindors,Sanket Kulkarni †,run out (Parth P),0,1,0,0,0.00
19019,Gryffindors,Thiyagarajan Dhakshinamoorthy,c Ankur S b Parth P,40,28,4,3,142.86
19019,Gryffindors,Sohil Kothari,c Parth P b Avi S,10,15,2,0,66.67
19019,Gryffindors,Kishan Patel,c Neel P b Mihir V,15,15,1,1,100.00
19019,Gryffindors,Subodh Singh*,c †Mit P b Avi S,1,6,0,0,16.67
19019,Gryffindors,Ankit Patel,c Mihir V b Avi S,3,7,0,0,42.86
19019,Gryffindors,Bandiss P,not out,6,6,1,0,100.00
19019,Gryffindors,Bikash Ghibila,c&b Daksh P,2,3,0,0,66.67
19019,Gryffindors,Sunil Satghare,c Mihir P b Daksh P,1,6,0,0,16.67
19036,Blasters,Harsh Savani †,c †Nisarg P b Ziaullah K,1,6,0,0,16.67
19036,Blasters,Priyank Patel,b Ziaullah K,7,8,1,0,87.50
19036,Blasters,Manthan Patel,c Aziz W b Ankit P,5,4,1,0,125.00
19036,Blasters,Harshu Patel,b Jaydev Z,9,14,1,0,64.29
19036,Blasters,Jimmy Patel*,c †Deep P b Ankit P,13,8,1,1,162.50
19036,Blasters,Jay Patel (jp),c Tirth P b Ziaullah K,22,25,0,2,88.00
19036,Blasters,Gunjan Patel,b Jaydev Z,2,3,0,0,66.67
19036,Blasters,Raj Patel,c&b Aziz W,3,4,0,0,75.00
19036,Blasters,Harsh Amin,c Aziz W b Jaydev Z,1,2,0,0,50.00
19036,Blasters,Haroon Ahmadi,b Jaydev Z,13,14,1,1,92.86
19036,Blasters,Ridham Shah,not out,6,8,1,0,75.00
19036,SAMP XI,Aziz Wali,c Jay P b Jimmy P,26,18,1,3,144.44
19036,SAMP XI,Irfanullah Khan,c †Harsh S b Ridham S,2,6,0,0,33.33
19036,SAMP XI,Tirth Patel,c Priyank P b Jimmy P,1,4,0,0,25.00
19036,SAMP XI,Nisarg Patel,b Jimmy P,18,12,0,2,150.00
19036,SAMP XI,Rehan Khan,c Priyank P b Haroon A,11,11,1,1,100.00
19036,SAMP XI,Jaydev Zala,c Jimmy P b Haroon A,0,1,0,0,0.00
19036,SAMP XI,Mujeeb Saeed,c Haroon A b Ridham S,10,14,0,1,71.43
19036,SAMP XI,Ankit Patel*,run out (Harsh A),0,15,0,0,0.00
19036,SAMP XI,Prem Patel,c †Harsh S b Jimmy P,0,4,0,0,0.00
19036,SAMP XI,Deep Patel,b Gunjan P,3,7,0,0,42.86
19036,SAMP XI,Ziaullah Khan,not out,0,0,0,0,0.00
19042,Piscataway Avengers,Rimal Patel*,b Emmanuel Samuel N,27,24,4,1,112.50
19042,Piscataway Avengers,Vrajesh Patel,c Narender Reddy B b gokul das m,28,24,3,0,116.67
19042,Piscataway Avengers,Niraj Patel,c †Bala K b Vinit S,8,5,0,1,160.00
19042,Piscataway Avengers,Dharmesh Patel,c †Bala K b Vinit S,13,23,0,1,56.52
19042,Piscataway Avengers,Krunal Shah,c †Bala K b Narender Reddy B,4,7,0,0,57.14
19042,Piscataway Avengers,Hemil Patel,c Narender Reddy B b Emmanuel Samuel N,3,5,0,0,60.00
19042,Piscataway Avengers,Sherry Singh,c Bala K b Emmanuel Samuel N,4,2,1,0,200.00
19042,Piscataway Avengers,Mit Patel,c †Bala K b Vinit S,4,9,0,0,44.44
19042,Piscataway Avengers,Ujjaval Patel,not out,2,2,0,0,100.00
19042,Newport CC,Bimal Patel,c Niraj P b Mit P,3,8,0,0,37.50
19042,Newport CC,Emmanuel Samuel Nair,c Hemil P b Mit P,1,3,0,0,33.33
19042,Newport CC,Saikumar Katepalli,c Harsh P b Ujjaval P,0,2,0,0,0.00
19042,Newport CC,Usman Bajwa,c Jignesh P b Ujjaval P,4,8,0,0,50.00
19042,Newport CC,Vinit Shah,c Jignesh P b Mit P,1,2,0,0,50.00
19042,Newport CC,Narender Reddy Bojja,c †Rimal P b Dharmesh P,12,16,0,1,75.00
19042,Newport CC,Arun Prasad G*,c †Rimal P b Dharmesh P,12,16,1,0,75.00
19042,Newport CC,Dheeban Jagadeesn,run out (Krunal S),6,6,0,1,100.00
19042,Newport CC,Gokul Das Maharajan,c Ujjaval P b Mit P,1,2,0,0,50.00
19042,Newport CC,Bala Kandhan †,c Niraj P b Dharmesh P,2,6,0,0,33.33
19042,Newport CC,Sai Charan,not out,1,1,0,0,100.00
19044,F5,Arjun R †,c †Mitul P b Shobhit G,5,5,1,0,100.00
19044,F5,Vinod Kannan*,c Shobhit G b Mitul P,0,1,0,0,0.00
19044,F5,Sujesh Nair,run out (Noor R/Shobhit G),7,19,0,0,36.84
19044,F5,Mukesh Ramawat,c Shobhit G b Mitul P,4,5,1,0,80.00
19044,F5,Jinal Jolly,b Rishabh T,10,14,0,1,71.43
19044,F5,Rohan Karankal,b Satish S,1,2,0,0,50.00
19044,F5,⁠thulasi Thota,c Anikesh J b Shobhit G,0,3,0,0,0.00
19044,F5,Jayanth Prabhu,c Ankit B b Mitul P,2,6,0,0,33.33
19044,F5,Harihara Ganeshan,c Mitul P b Satish S,0,1,0,0,0.00
19044,F5,Nirmal Singh,not out,14,18,2,0,77.78
19044,F5,Balaji S,c Anikesh J b Mitul P,3,12,0,0,25.00
19044,Storm Riders,Prabhjeet Singh,c Jinal J b Sujesh N,12,12,1,0,100.00
19044,Storm Riders,Ankit Bhardwaj,c Sujesh N b Harihara G,6,14,0,0,42.86
19044,Storm Riders,Sabeel Shaikh,c Vinod K b ⁠Thulasi T,9,9,0,1,100.00
19044,Storm Riders,Shreyas Najan,c Rohan K b Harihara G,0,1,0,0,0.00
19044,Storm Riders,Noor Randhawa,run out (⁠Thulasi T),6,10,0,0,60.00
19044,Storm Riders,Rishabh Tewari*,c ⁠Thulasi T b Sujesh N,2,10,0,0,20.00
19044,Storm Riders,Mitul Patel,not out,5,4,1,0,125.00
19044,Storm Riders,Satish Sarode,not out,2,3,0,0,66.67
19045,Maha CC,Atul Aggarwal,c Ravin P b Mitul P,3,9,0,0,33.33
19045,Maha CC,Kashish Shah †,c Ravin P b Mitul P,6,2,0,1,300.00
19045,Maha CC,Umesh Jain,c Jay D b Mitul P,10,12,1,0,83.33
19045,Maha CC,Tamaas Khan,c Jay D b Mitul P,4,9,1,0,44.44
19045,Maha CC,Danish Shaikh,c Swetketu P b Ravin P,6,14,0,0,42.86
19045,Maha CC,Amin Khatri*,c Jay D b Ravin P,4,11,0,0,36.36
19045,Maha CC,Jay Soni,c †Arpit V b Jay D,1,4,0,0,25.00
19045,Maha CC,Dhrumil Shah,c Jay D b Ravin P,2,8,0,0,25.00
19045,Maha CC,Rizwan Bajwa,c Jay D b Ravin P,0,2,0,0,0.00
19045,Maha CC,Summit Vaid,c Jay D b Pavan P,8,12,1,0,66.67
19045,Maha CC,Aman Sharma,not out,11,9,0,1,122.22
19045,Jersey Titans,Sunny Patel,b Rizwan B,2,8,0,0,25.00
19045,Jersey Titans,Jay Domadiya*,c Jay S b Tamaas K,8,10,1,0,80.00
19045,Jersey Titans,Ameya Modak,c Tamaas K b Rizwan B,0,2,0,0,0.00
19045,Jersey Titans,Pavan Patel,c †Kashish S b Dhrumil S,6,18,0,0,33.33
19045,Jersey Titans,Arpit Vaghasia †,b Dhrumil S,5,11,0,0,45.45
19045,Jersey Titans,Ravin Patel,c Dhrumil S b Danish S,0,1,0,0,0.00
19045,Jersey Titans,Hitesh Pandya,c Aman S b Danish S,8,8,0,1,100.00
19045,Jersey Titans,Gaurav Darji,c †Kashish S b Dhrumil S,7,9,0,1,77.78
19045,Jersey Titans,Swetketu Patel,c Tamaas K b Dhrumil S,0,5,0,0,0.00
19045,Jersey Titans,Mitul Patel,not out,1,2,0,0,50.00
19045,Jersey Titans,Himanshu Patel,b Dhrumil S,1,3,0,0,33.33
19051,PUNJAB XI,Ravinder Singh,c †Sanjeev S b Darshil M,9,24,1,1,37.50
19051,PUNJAB XI,Lovely Singh,c Kushal K b Bhavik S,6,7,0,0,85.71
19051,PUNJAB XI,Amit Kumar,c Shrinath A b Naresh P,0,4,0,0,0.00
19051,PUNJAB XI,Faizan Januja,c †Sanjeev S b Darshil M,17,11,0,2,154.55
19051,PUNJAB XI,Ali Maisam,c †Sanjeev S b Zoheb K,7,7,1,0,100.00
19051,PUNJAB XI,Azam Mohammad,c&b Shrinath A,7,15,0,1,46.67
19051,PUNJAB XI,Sukhwinder Singh*,not out,43,21,1,5,204.76
19051,PUNJAB XI,Nasir Khan,b Naresh P,13,5,0,2,260.00
19051,PUNJAB XI,Kashif Khan,not out,2,3,0,0,66.67
19051,Rowdy Rebels,Kushal Kumar,c †Faizan J b Azam M,21,27,0,2,77.78
19051,Rowdy Rebels,Nakul Desai,c †Faizan J b Nasir K,27,39,1,1,69.23
19051,Rowdy Rebels,Sanjeev Sharma,b Azam M,0,1,0,0,0.00
19051,Rowdy Rebels,Rishab Shirur,c Lovely S b Nasir K,11,12,0,1,91.67
19051,Rowdy Rebels,Darshil Mistry,c †Faizan J b Nasir K,0,1,0,0,0.00
19051,Rowdy Rebels,Shrinath Amin,b Azam M,0,4,0,0,0.00
19051,Rowdy Rebels,Abdulla Shaikh,c Ali M b Lovely S,7,6,1,0,116.67
19051,Rowdy Rebels,Zoheb Khalid*,not out,12,5,1,1,240.00
19051,Rowdy Rebels,Adwait Wajpe,not out,1,2,0,0,50.00
19055,Fdu Giants,Charanjot Singh,b Sesha Sai V,0,3,0,0,0.00
19055,Fdu Giants,Pushkar Mayur Dhume,run out (Chinmaya S),7,22,0,0,31.82
19055,Fdu Giants,Kartik Patel,c Sesha Sai V b Lokesh P,4,7,0,0,57.14
19055,Fdu Giants,Girish Sharma,c †Rohit R b Lokesh P,0,2,0,0,0.00
19055,Fdu Giants,Ankit Chopra,b Chinmaya S,3,15,0,0,20.00
19055,Fdu Giants,Nishant Sharma,run out (Chinmaya S),2,3,0,0,66.67
19055,Fdu Giants,Viral Parekh,not out,3,9,0,0,33.33
19055,Fdu Giants,Dhruv Patel*,c †Rohit R b Anil P,1,6,0,0,16.67
19055,Fdu Giants,Smit Brahmbhatt,c Sai p b Anil P,0,1,0,0,0.00
19055,Fdu Giants,Sunit Shirke,run out (Chinmaya S),0,2,0,0,0.00
19055,Fdu Giants,Kunal Patel,c †Rohit R b Anil P,2,11,0,0,18.18
19055,Plainsboro Knights,Rohit Ranjan* †,c †Charanjot S b Ankit C,1,7,0,0,14.29
19055,Plainsboro Knights,Shashank Sinha,not out,16,21,1,1,76.19
19055,Plainsboro Knights,Sumit Sharma,not out,13,18,0,1,72.22
19058,Pway Lions,Dhaivat Patel,c †Yogesh P b Soham B,14,8,2,1,175.00
19058,Pway Lions,Neel Patel*,c&b Soham B,13,9,0,2,144.44
19058,Pway Lions,Akshar Patel,b krunal P,5,6,1,0,83.33
19058,Pway Lions,Deep Patel,b krunal P,3,9,0,0,33.33
19058,Pway Lions,Bhavik Patel,c †Yogesh P b Neel P,2,6,0,0,33.33
19058,Pway Lions,Vraj Shah,c Soham B b Neel P,3,6,0,0,50.00
19058,Pway Lions,Shri Patel,c Ravi R b Neel P,3,8,0,0,37.50
19058,Pway Lions,Nish Patel,b Rajan P,16,19,0,2,84.21
19058,Pway Lions,Udit Patel - Pway Lions,c †Yogesh P b Rajan P,1,4,0,0,25.00
19058,Pway Lions,Ankush Patel,not out,14,10,0,2,140.00
19058,Pway Lions,Shail Shah,c †Yogesh P b Rajan P,0,5,0,0,0.00
19058,11spartans,Ravi Rathod,c Bhavik P b Nish P,6,2,0,1,300.00
19058,11spartans,Krunal Patel,b Shail S,0,2,0,0,0.00
19058,11spartans,Rahul Patel,c †Dhaivat P b Shail S,0,1,0,0,0.00
19058,11spartans,Vinay P,run out (Bhavik P),0,3,0,0,0.00
19058,11spartans,Jay Trivedi,b Udit P,9,15,2,0,60.00
19058,11spartans,Soham Brahmbhatt,c Shri P b Shail S,3,14,0,0,21.43
19058,11spartans,Yogesh Patel* †,c Udit P b Bhavik P,13,33,0,1,39.39
19058,11spartans,Pratik Patel (savali),c †Dhaivat P b Nish P,10,6,1,1,166.67
19058,11spartans,Jay Patel,c †Dhaivat P b Bhavik P,0,4,0,0,0.00
19058,11spartans,Neel Patel-13,c Akshar P b Bhavik P,0,1,0,0,0.00
19058,11spartans,Rajan Patel,not out,0,5,0,0,0.00
19067,Plainsboro Knights,Rohit Ranjan* †,c Tamaas K b Dhrumil S,19,29,0,2,65.52
19067,Plainsboro Knights,Shashank Sinha,c †Umesh J b Jay S,26,33,2,1,78.79
19067,Plainsboro Knights,Shan A S,run out (Danish S),1,3,0,0,33.33
19067,Plainsboro Knights,Chinmaya Sahu,run out (Summit V),22,14,4,0,157.14
19067,Plainsboro Knights,Sai Praneeth Kalavagunta,c †Umesh J b Jay S,1,2,0,0,50.00
19067,Plainsboro Knights,Lokesh Prabakaran,c Aman S b Danish S,0,2,0,0,0.00
19067,Plainsboro Knights,Gowtham Akula,c&b Danish S,2,6,0,0,33.33
19067,Plainsboro Knights,Anil Poply,not out,7,3,0,1,233.33
19067,Plainsboro Knights,Arivazhagan Ranganathan,c Kashish S b Rizwan B,1,4,0,0,25.00
19067,Plainsboro Knights,Raghuraman Varadharajan,c Kashish S b Rizwan B,0,1,0,0,0.00
19067,Plainsboro Knights,Saurabh Agarwal,run out (Rizwan B),1,2,0,0,50.00
19067,Maha CC,Atul Aggarwal,c Shashank S b Raghuraman V,8,7,0,1,114.29
19067,Maha CC,Umesh Jain,c Shashank S b Lokesh P,15,16,2,0,93.75
19067,Maha CC,Kashish Shah †,c †Arivazhagan R b Lokesh P,47,23,5,4,204.35
19067,Maha CC,Danish Shaikh*,not out,3,5,0,0,60.00
19067,Maha CC,Dhrumil Shah,not out,10,2,1,1,500.00
19069,Gujarat United XI,Sumit Panda,c Pujan P b Ujjaval P,10,9,1,0,111.11
19069,Gujarat United XI,Neel Patel,c Sherry S b Mit P,0,3,0,0,0.00
19069,Gujarat United XI,Karan Patel,c Ujjaval P b Mit P,0,2,0,0,0.00
19069,Gujarat United XI,Shehul Patel,b Dharmesh P,5,18,1,0,27.78
19069,Gujarat United XI,Avi Shah,c Vrajesh P b Krunal S,13,33,0,0,39.39
19069,Gujarat United XI,Ankur Shah,c Dharmesh P b Krunal P,16,15,0,2,106.67
19069,Gujarat United XI,Dhaval Patel*,not out,18,14,0,1,128.57
19069,Gujarat United XI,Raj Patel,not out,2,2,0,0,100.00
19069,Piscataway Avengers,Rimal Patel,c Daksh P b Avi S,14,16,0,0,87.50
19069,Piscataway Avengers,Vrajesh Patel,c&b Avi S,29,26,3,0,111.54
19069,Piscataway Avengers,Krunal Patel* †,b Avi S,4,6,0,0,66.67
19069,Piscataway Avengers,Dharmesh Patel,c †Krunal P b Neel P,11,5,1,1,220.00
19069,Piscataway Avengers,Pujan Patel,not out,8,5,0,1,160.00
19069,Piscataway Avengers,Niraj Patel,not out,1,2,0,0,50.00
19071,F5,Arjun R †,run out (sai C),12,10,1,0,120.00
19071,F5,Subramaniam Sampath,c Narender Reddy B b Vinit S,32,23,1,3,139.13
19071,F5,Mukesh Ramawat,c Arun Prasad G b Narender Reddy B,1,4,0,0,25.00
19071,F5,Sujesh Nair,c Amit S b Emmanuel Samuel N,34,29,2,3,117.24
19071,F5,Vimalendu Kumar,c Bala K b Vinit S,1,6,0,0,16.67
19071,F5,Jinal Jolly,not out,22,17,0,2,129.41
19071,F5,⁠thulasi Thota,not out,3,7,0,0,42.86
19071,Newport CC,Bala Kandhan †,b Vimalendu K,4,11,0,0,36.36
19071,Newport CC,Emmanuel Samuel Nair,c †Arjun R b ⁠Thulasi T,4,5,0,0,80.00
19071,Newport CC,Hari Kiran Vaddi Gangaraju,c Sujesh N b Subramaniam S,0,3,0,0,0.00
19071,Newport CC,Narender Reddy Bojja,b Sujesh N,1,7,0,0,14.29
19071,Newport CC,Usman Bajwa,c Jayanth P b Vimalendu K,18,19,1,2,94.74
19071,Newport CC,Gokul Das Maharajan,b Vimalendu K,2,6,0,0,33.33
19071,Newport CC,Arun Prasad G*,b Vimalendu K,22,18,1,2,122.22
19071,Newport CC,Vinit Shah,c Jayanth P b ⁠Thulasi T,7,9,0,1,77.78
19071,Newport CC,Amit Sah,not out,5,8,0,0,62.50
19071,Newport CC,Sai Charan,not out,31,10,2,3,310.00
19072,Rowdy Rebels,Kushal Kumar,c Manthan P b Khiamuddin M,68,43,10,2,158.14
19072,Rowdy Rebels,Rishab Shirur,c †Dinesh K b Manthan P,34,30,2,3,113.33
19072,Rowdy Rebels,Zohair Ahmad Siddiui,run out (Jay P),10,13,1,0,76.92
19072,Rowdy Rebels,Darshil Mistry,c Harsh S b Jay P,7,8,0,0,87.50
19072,Rowdy Rebels,Abdulla Shaikh,not out,3,3,0,0,100.00
19072,Rowdy Rebels,Surya S,not out,1,1,0,0,100.00
19072,Blasters,Manthan Patel,c Abdulla S b Zoheb K,35,20,3,2,175.00
19072,Blasters,Preet Suthar,c Rishab S b Bhavik S,0,2,0,0,0.00
19072,Blasters,Vishal Bhavsar,c Zohair Ahmad S b Soham K,8,11,1,0,72.73
19072,Blasters,Harshu Patel,run out (Anoop H),1,3,0,0,33.33
19072,Blasters,Gunjan Patel,c Darshil M b Anoop H,12,10,1,1,120.00
19072,Blasters,Dinesh Kumavat,c Kushal K b Zoheb K,7,8,1,0,87.50
19072,Blasters,Jay Patel (jp),c †Abdulla S b Zoheb K,5,8,0,0,62.50
19072,Blasters,Gurudutt Patel*,c&b Darshil M,9,6,2,0,150.00
19072,Blasters,Khiamuddin Mohammad,c Surya S b Zoheb K,4,5,1,0,80.00
19072,Blasters,Harsh Savani †,b Zoheb K,6,4,0,1,150.00
19072,Blasters,Raj Patel,not out,3,6,0,0,50.00
19090,Storm Riders,Prabhjeet Singh,c Jatan V b Jenish P,2,7,0,0,28.57
19090,Storm Riders,Apurv Jain* †,c Jit P b Kartik P,40,22,0,6,181.82
19090,Storm Riders,Noor Randhawa,c Hemant P b Jenish P,0,2,0,0,0.00
19090,Storm Riders,Anikesh Jain,c †Devashya P b Hemant P,8,12,1,0,66.67
19090,Storm Riders,Mitul Patel,c †Devashya P b Hemant P,3,8,0,0,37.50
19090,Storm Riders,Shreyas Najan,c Hemant P b Kartik P,12,6,0,2,200.00
19090,Storm Riders,Rashprit Singh,c Jatan V b Jenish P,5,11,0,0,45.45
19090,Storm Riders,Rishabh Tewari,c Kailash N b Hemant P,14,16,1,1,87.50
19090,Storm Riders,Sameer Kulkarni,St Devashya P b Karan P,8,7,0,1,114.29
19090,Storm Riders,Shobhit Gupta,c Kartik P b Karan P,1,2,0,0,50.00
19090,Storm Riders,Pratik Singh,not out,1,3,0,0,33.33
19090,Juggernaut,Durlove Mohanty,b Mitul P,1,4,0,0,25.00
19090,Juggernaut,Devashya Patel,c Mitul P b Rishabh T,28,25,1,2,112.00
19090,Juggernaut,Lokesh Kumar,c Shobhit G b Noor R,40,28,2,4,142.86
19090,Juggernaut,Jit Patel,not out,23,16,1,2,143.75
19090,Juggernaut,Manan Patel,b Rishabh T,0,3,0,0,0.00
19090,Juggernaut,Karan P,run out (Apurv J/Mitul P),1,1,0,0,100.00
19090,Juggernaut,Kartik Patel,b Noor R,0,2,0,0,0.00
19090,Juggernaut,Jatan Vaidya,not out,8,6,0,1,133.33
19091,Fdu Giants,Meetkumar Sheth,c Nikhil S b Deepesh N,9,22,1,0,40.91
19091,Fdu Giants,Kartik Patel,c Samit K b Saqi S,12,14,0,1,85.71
19091,Fdu Giants,Ankit Chopra,c&b Saqi S,4,3,1,0,133.33
19091,Fdu Giants,Gautam Ahuja,c Anup S b Vishal S,0,1,0,0,0.00
19091,Fdu Giants,Dhruv Patel*,c Saqi S b Vishal S,11,12,2,0,91.67
19091,Fdu Giants,Charanjot Singh,b Deepesh N,13,13,0,1,100.00
19091,Fdu Giants,Nishant Sharma,c Jemin A b Samit K,1,5,0,0,20.00
19091,Fdu Giants,Ravish Parekh,not out,8,13,1,0,61.54
19091,Fdu Giants,Smit Brahmbhatt,c †Vishal S b Saqi S,1,5,0,0,20.00
19091,Fdu Giants,Vinit Arora,run out (Vishal S),0,1,0,0,0.00
19091,Fdu Giants,Kunal Patel,not out,9,7,0,1,128.57
19091,Mercer Challengers,Jemin Amin,c †Charanjot S b Kunal P,15,18,1,1,83.33
19091,Mercer Challengers,Sheshank Reddy,c Vinit A b Ankit C,18,9,0,3,200.00
19091,Mercer Challengers,Saqi Syed,c †Charanjot S b Ravish P,0,4,0,0,0.00
19091,Mercer Challengers,Sai Deepak Dogiparthi,c Nishant S b Kunal P,1,10,0,0,10.00
19091,Mercer Challengers,Abhishek Agrawal,c Ravish P b Kunal P,8,10,0,1,80.00
19091,Mercer Challengers,Nikhil Saxena*,b Kunal P,0,2,0,0,0.00
19091,Mercer Challengers,Vasu Elluri,not out,21,12,2,1,175.00
19091,Mercer Challengers,Vishal Srivastava,c Nishant S b Ravish P,2,4,0,0,50.00
19091,Mercer Challengers,Deepesh Naidu,not out,8,5,0,1,160.00
===BOWLING===
18994,Hudson Hurricanes,Sravan Nekkanti,4.0,0,15,10,2,2.50,0,0
18994,Hudson Hurricanes,Kamran Khan,4.0,0,13,15,1,3.75,2,1
18994,Hudson Hurricanes,Pratik Mane,2.0,0,7,23,1,11.50,10,0
18994,Hudson Hurricanes,Niket Dalal,3.0,0,12,19,2,6.33,7,0
18994,Hudson Hurricanes,Ved Arya,3.0,0,9,20,1,6.67,3,0
18994,Plainsboro Eagles,Bharath Reddy,2.0,0,6,17,0,8.50,0,1
18994,Plainsboro Eagles,Bhargav Reddy Napa*,1.0,0,0,23,0,23.00,0,0
18994,Plainsboro Eagles,Tushar Choksi,1.0,0,1,12,0,12.00,0,0
18994,Plainsboro Eagles,Shiva Ungarala,1.0,0,1,8,0,8.00,0,0
18994,Plainsboro Eagles,Rajesh Paruchuri,1.0,0,0,16,0,16.00,1,0
18994,Plainsboro Eagles,Srinivas Reddy Ch,0.5,0,1,12,0,14.40,0,0
18998,Jersey Boys,Vineet Luthra,4.0,1,18,14,3,3.50,0,0
18998,Jersey Boys,Sushil Kumar,4.0,0,16,9,2,2.25,0,0
18998,Jersey Boys,Vikul Rajpara,4.0,0,11,15,2,3.75,0,0
18998,Jersey Boys,Fenil Shah*,4.0,0,11,19,3,4.75,0,0
18998,Gcc,Mrugesh Patel*,2.0,0,7,12,1,6.00,0,0
18998,Gcc,Chintan Patel,1.0,0,2,6,0,6.00,2,0
18998,Gcc,Sahil Patel,2.0,0,5,26,0,13.00,0,0
18998,Gcc,Karan Patel,1.4,0,5,17,1,10.20,1,0
19001,Sreeshti,Santosh Mesta,1.0,0,2,5,0,5.00,1,0
19001,Sreeshti,Sumesh Mathew,4.0,1,14,15,4,3.75,3,0
19001,Sreeshti,Kamal Choudhury,4.0,0,7,31,1,7.75,1,0
19001,Sreeshti,Shuvradeep Mukherjee,2.0,0,6,9,2,4.50,0,0
19001,Sreeshti,Mahesh Nagappa,3.0,0,13,8,1,2.67,3,0
19001,Sreeshti,Harshal Gupta,2.0,0,6,6,1,3.00,0,0
19001,Jetha 11,Jigar D Patel,3.2,1,14,7,2,2.10,1,0
19001,Jetha 11,Dipal Patel,4.0,1,19,7,4,1.75,2,0
19001,Jetha 11,Haren Patel,3.0,0,9,19,1,6.33,1,0
19001,Jetha 11,Gary Patel,2.0,0,9,3,3,1.50,0,0
19002,Parsippany Phoenix XI,Satish Kumar Durgam,4.0,0,16,27,0,6.75,0,0
19002,Parsippany Phoenix XI,Naveen Rayal,4.0,0,14,39,2,9.75,0,0
19002,Parsippany Phoenix XI,Govind Somvanshi,4.0,0,12,14,2,3.50,2,0
19002,Parsippany Phoenix XI,Raghuveer Bethelli,4.0,0,16,15,2,3.75,0,1
19002,RHG,Dhwanil Shah,1.0,0,5,7,0,7.00,1,0
19002,RHG,Kevin Shah*,4.0,0,14,30,0,7.50,0,1
19002,RHG,Raj Patel,3.0,0,12,23,3,7.67,9,1
19002,RHG,Hiren Joshi,2.0,0,4,26,0,13.00,2,0
19002,RHG,Nuvan T,1.1,0,3,10,0,8.57,3,0
19011,Mercer Challengers,Deepesh Naidu,4.0,0,14,20,3,5.00,0,0
19011,Mercer Challengers,Samit Kumbhani,3.4,0,8,25,3,6.82,0,0
19011,Mercer Challengers,Sheshank Reddy,4.0,0,12,19,2,4.75,2,0
19011,Mercer Challengers,Sai Deepak Dogiparthi,1.0,0,2,13,0,13.00,0,0
19011,Mercer Challengers,Ankur Parekh,3.0,0,12,6,1,2.00,0,0
19011,Juggernaut,Jenish Patel,4.0,0,15,11,1,2.75,0,1
19011,Juggernaut,Kartik Patel,2.0,0,3,21,0,10.50,1,1
19011,Juggernaut,Karan P,4.0,0,12,24,0,6.00,2,0
19011,Juggernaut,Kailash Naithani,4.0,0,15,17,2,4.25,1,0
19011,Juggernaut,Jatan Vaidya,1.1,0,3,15,1,12.86,1,0
19014,Nj Braves,Kunal Merchant,4.0,0,13,19,2,4.75,0,1
19014,Nj Braves,Vipul Patel,4.0,0,10,30,1,7.50,2,1
19014,Nj Braves,Jenish Shah,4.0,1,13,35,2,8.75,6,0
19014,Nj Braves,Pranav Patel,4.0,0,15,14,2,3.50,4,0
19014,Blue Aces CC,Dheeraj Dubey*,3.0,0,9,13,0,4.33,1,0
19014,Blue Aces CC,Sandip Nandurkar,3.0,0,10,11,1,3.67,0,0
19014,Blue Aces CC,Rajendra Prasad Challa,4.0,0,15,12,3,3.00,0,0
19014,Blue Aces CC,Tharak Ram,4.0,0,12,17,4,4.25,1,0
19014,Blue Aces CC,Surya Nallamilli,1.0,0,3,8,1,8.00,0,0
19019,Gryffindors,Sunil Satghare,1.0,0,3,9,1,9.00,1,0
19019,Gryffindors,Bikash Ghibila,3.0,0,7,19,1,6.33,1,0
19019,Gryffindors,Kishan Patel,4.0,0,15,16,2,4.00,2,1
19019,Gryffindors,Subodh Singh*,4.0,1,13,20,2,5.00,3,0
19019,Gryffindors,Ankit Patel,4.0,0,13,25,1,6.25,5,1
19019,Gujarat United XI,Parth Patel,4.0,0,19,13,2,3.25,5,0
19019,Gujarat United XI,Daksh Patel,3.2,0,14,18,3,5.40,0,0
19019,Gujarat United XI,Avi Shah,4.0,1,14,16,3,4.00,1,0
19019,Gujarat United XI,Mihir Vaghasia,3.0,0,10,25,1,8.33,3,0
19019,Gujarat United XI,Neel Patel,1.0,0,2,15,0,15.00,0,0
19036,SAMP XI,Ankit Patel*,4.0,0,14,27,2,6.75,0,0
19036,SAMP XI,Ziaullah Khan,4.0,1,16,21,3,5.25,3,1
19036,SAMP XI,Tirth Patel,2.0,0,5,11,0,5.50,4,0
19036,SAMP XI,Jaydev Zala,3.5,0,11,22,4,5.74,2,0
19036,SAMP XI,Aziz Wali,2.0,0,6,12,1,6.00,1,0
19036,Blasters,Jay Patel (jp),4.0,0,16,23,0,5.75,4,0
19036,Blasters,Harsh Amin,3.0,0,14,14,0,4.67,2,0
19036,Blasters,Ridham Shah,3.0,0,13,25,2,8.33,5,1
19036,Blasters,Jimmy Patel*,4.0,0,17,17,4,4.25,4,0
19036,Blasters,Haroon Ahmadi,1.0,0,4,10,2,10.00,2,0
19036,Blasters,Gunjan Patel,0.1,0,1,0,1,0.00,0,0
19042,Newport CC,Emmanuel Samuel Nair,4.0,0,15,18,3,4.50,2,1
19042,Newport CC,Saikumar Katepalli,1.0,0,2,12,0,12.00,1,0
19042,Newport CC,Narender Reddy Bojja,4.0,0,17,15,1,3.75,2,0
19042,Newport CC,Arun Prasad G*,1.0,0,1,8,0,8.00,0,0
19042,Newport CC,Gokul Das Maharajan,2.0,0,4,32,1,16.00,2,4
19042,Newport CC,Vinit Shah,4.0,0,9,22,3,5.50,2,0
19042,Piscataway Avengers,Mit Patel,4.0,1,17,9,4,2.25,2,0
19042,Piscataway Avengers,Ujjaval Patel,2.0,0,7,6,2,3.00,1,0
19042,Piscataway Avengers,Krunal Shah,3.0,0,8,19,0,6.33,0,0
19042,Piscataway Avengers,Dharmesh Patel,2.4,0,9,12,3,4.50,0,0
19044,Storm Riders,Mitul Patel,3.2,0,15,5,4,1.50,0,0
19044,Storm Riders,Shobhit Gupta,3.0,0,12,9,2,3.00,0,0
19044,Storm Riders,Rishabh Tewari*,3.0,0,13,17,1,5.67,1,0
19044,Storm Riders,Satish Sarode,3.0,0,13,9,2,3.00,0,0
19044,Storm Riders,Noor Randhawa,2.0,0,5,8,0,4.00,1,0
19044,F5,Harihara Ganeshan,3.0,0,8,16,2,5.33,1,0
19044,F5,Sujesh Nair,4.0,0,13,23,2,5.75,7,0
19044,F5,⁠thulasi Thota,3.3,1,15,13,1,3.71,2,0
19045,Jersey Titans,Mitul Patel,4.0,0,17,13,4,3.25,1,0
19045,Jersey Titans,Pavan Patel,3.1,0,9,24,1,7.58,3,1
19045,Jersey Titans,Jay Domadiya*,4.0,0,17,7,1,1.75,0,0
19045,Jersey Titans,Ravin Patel,4.0,0,13,17,4,4.25,1,0
19045,Maha CC,Rizwan Bajwa,3.0,0,12,10,2,3.33,1,0
19045,Maha CC,Tamaas Khan,3.0,0,12,8,1,2.67,1,0
19045,Maha CC,Dhrumil Shah,3.5,1,16,13,5,3.39,1,0
19045,Maha CC,Danish Shaikh,3.0,0,13,12,2,4.00,2,0
19051,Rowdy Rebels,Bhavik Surani,3.0,0,13,18,1,6.00,3,1
19051,Rowdy Rebels,Naresh Patel,4.0,0,15,14,2,3.50,0,0
19051,Rowdy Rebels,Shrinath Amin,2.0,0,4,33,1,16.50,0,0
19051,Rowdy Rebels,Zoheb Khalid*,4.0,2,19,23,1,5.75,0,0
19051,Rowdy Rebels,Darshil Mistry,2.0,0,7,9,2,4.50,3,0
19051,Rowdy Rebels,Kushal Kumar,1.0,0,1,19,0,19.00,5,0
19051,PUNJAB XI,Nitesh Tomer,2.0,0,10,8,0,4.00,6,0
19051,PUNJAB XI,Lovely Singh,4.0,0,11,25,1,6.25,0,1
19051,PUNJAB XI,Azam Mohammad,4.0,0,17,18,3,4.50,3,0
19051,PUNJAB XI,Nasir Khan,4.0,0,15,23,3,5.75,1,0
19051,PUNJAB XI,Sukhwinder Singh*,2.0,0,5,16,0,8.00,0,0
19055,Plainsboro Knights,Sesha Sai Veerla,4.0,0,17,8,1,2.00,1,0
19055,Plainsboro Knights,Raghuraman Varadharajan,1.0,0,3,5,0,5.00,2,0
19055,Plainsboro Knights,Chinmaya Sahu,4.0,0,16,9,1,2.25,1,0
19055,Plainsboro Knights,Lokesh Prabakaran,1.0,1,6,0,2,0.00,0,0
19055,Plainsboro Knights,Anil Poply,3.3,0,17,6,3,1.71,2,0
19055,Fdu Giants,Viral Parekh,4.0,0,16,14,0,3.50,0,0
19055,Fdu Giants,Ankit Chopra,3.0,0,13,10,1,3.33,2,0
19055,Fdu Giants,Kunal Patel,0.4,0,1,8,0,12.00,0,0
19058,11spartans,Pratik Patel (savali),4.0,0,13,50,0,12.50,3,0
19058,11spartans,Soham Brahmbhatt,2.0,0,9,6,2,3.00,0,0
19058,11spartans,Krunal Patel,3.0,0,12,6,2,2.00,0,0
19058,11spartans,Neel Patel-13,3.0,0,10,13,3,4.33,0,0
19058,11spartans,Rajan Patel,3.0,2,16,2,3,0.67,0,0
19058,Pway Lions,Shail Shah,4.0,2,21,9,3,2.25,6,0
19058,Pway Lions,Nish Patel,4.0,0,19,18,2,4.50,2,0
19058,Pway Lions,Udit Patel - Pway Lions,3.0,0,13,19,1,6.33,5,0
19058,Pway Lions,Bhavik Patel,3.2,1,17,9,3,2.70,1,0
19067,Maha CC,Tamaas Khan,4.0,0,14,24,0,6.00,1,3
19067,Maha CC,Ishan Shah,2.0,0,7,14,0,7.00,1,0
19067,Maha CC,Jay Soni,3.0,0,11,11,2,3.67,1,0
19067,Maha CC,Rizwan Bajwa,3.0,0,10,18,2,6.00,1,0
19067,Maha CC,Dhrumil Shah,2.0,0,7,18,1,9.00,2,0
19067,Maha CC,Danish Shaikh*,2.0,0,8,5,2,2.50,1,0
19067,Plainsboro Knights,Shan A S,2.0,0,4,15,0,7.50,0,0
19067,Plainsboro Knights,Raghuraman Varadharajan,2.0,0,6,31,1,15.50,2,0
19067,Plainsboro Knights,Chinmaya Sahu,2.0,0,8,11,0,5.50,1,0
19067,Plainsboro Knights,Anil Poply,1.0,0,0,18,0,18.00,1,0
19067,Plainsboro Knights,Lokesh Prabakaran,1.5,0,7,16,2,8.73,4,0
19069,Piscataway Avengers,Mit Patel,4.0,0,17,10,2,2.50,0,0
19069,Piscataway Avengers,Dharmesh Patel,4.0,1,15,12,1,3.00,1,0
19069,Piscataway Avengers,Krunal Shah,3.0,0,11,9,1,3.00,0,0
19069,Piscataway Avengers,Ujjaval Patel,4.0,0,14,34,1,8.50,3,0
19069,Piscataway Avengers,Krunal Patel* †,1.0,0,3,3,1,3.00,0,0
19069,Gujarat United XI,Daksh Patel,1.0,0,3,15,0,15.00,0,2
19069,Gujarat United XI,Avi Shah,4.0,0,11,24,3,6.00,1,0
19069,Gujarat United XI,Raj Patel,2.0,0,3,12,0,6.00,0,0
19069,Gujarat United XI,Krunal Patel,1.4,0,3,14,0,8.40,2,0
19069,Gujarat United XI,Neel Patel,1.0,0,2,7,1,7.00,0,0
19071,Newport CC,Mahendran Prakasam,1.0,0,2,4,0,4.00,0,0
19071,Newport CC,Arun Prasad G*,1.0,0,1,8,0,8.00,0,0
19071,Newport CC,Gokul Das Maharajan,4.0,0,10,22,0,5.50,0,0
19071,Newport CC,Emmanuel Samuel Nair,4.0,0,11,31,1,7.75,0,0
19071,Newport CC,Narender Reddy Bojja,3.0,0,12,17,1,5.67,1,0
19071,Newport CC,Vinit Shah,3.0,0,10,26,2,8.67,2,0
19071,F5,Subramaniam Sampath,4.0,0,11,36,1,9.00,1,0
19071,F5,⁠thulasi Thota,4.0,0,15,19,2,4.75,1,0
19071,F5,Sujesh Nair,4.0,0,15,23,1,5.75,3,0
19071,F5,Vimalendu Kumar,4.0,0,16,24,4,6.00,3,0
19072,Blasters,Gurudutt Patel*,4.0,0,11,25,0,6.25,0,1
19072,Blasters,Gunjan Patel,2.0,0,5,24,0,12.00,0,1
19072,Blasters,Khiamuddin Mohammad,3.0,0,8,20,1,6.67,1,0
19072,Blasters,Jay Patel (jp),4.0,0,11,31,1,7.75,3,0
19072,Blasters,Manthan Patel,3.0,0,7,31,1,10.33,2,0
19072,Rowdy Rebels,Bhavik Surani,4.0,0,12,15,1,3.75,0,0
19072,Rowdy Rebels,Anoop Hegde,3.0,0,9,22,1,7.33,0,1
19072,Rowdy Rebels,Soham Kapadia,2.0,0,5,31,1,15.50,5,0
19072,Rowdy Rebels,Zoheb Khalid*,3.4,0,11,22,5,6.00,3,0
19072,Rowdy Rebels,Darshil Mistry,1.0,0,3,11,1,11.00,2,0
19090,Juggernaut,Kailash Naithani,4.0,0,13,25,0,6.25,1,0
19090,Juggernaut,Jenish Patel,4.0,0,17,17,3,4.25,2,0
19090,Juggernaut,Kartik Patel,3.0,0,8,39,2,13.00,4,0
19090,Juggernaut,Hemant Patel*,4.0,0,15,24,3,6.00,5,0
19090,Juggernaut,Karan P,1.0,0,5,1,2,1.00,0,0
19090,Storm Riders,Shobhit Gupta,3.1,0,8,31,0,9.79,2,0
19090,Storm Riders,Mitul Patel,3.0,0,12,11,1,3.67,0,0
19090,Storm Riders,Rishabh Tewari,4.0,0,14,31,2,7.75,2,0
19090,Storm Riders,Noor Randhawa,4.0,0,10,34,2,8.50,2,0
19091,Mercer Challengers,Deepesh Naidu,3.0,0,13,8,2,2.67,0,0
19091,Mercer Challengers,Saqi Syed,4.0,0,17,17,3,4.25,1,0
19091,Mercer Challengers,Samit Kumbhani,4.0,0,15,14,1,3.50,0,0
19091,Mercer Challengers,Sheshank Reddy,3.0,0,8,21,0,7.00,5,0
19091,Mercer Challengers,Vishal Srivastava,2.0,0,4,15,2,7.50,1,0
19091,Fdu Giants,Nishant Sharma,1.2,0,1,26,0,19.50,0,0
19091,Fdu Giants,Ravish Parekh,4.0,0,15,20,2,5.00,1,0
19091,Fdu Giants,Ankit Chopra,4.0,1,19,13,1,3.25,1,0
19091,Fdu Giants,Kunal Patel,3.0,0,12,17,4,5.67,1,0