19414,NJ Titans,Krunal Chheda,c Vikas S b Manik V,0,4,0,0,0.00
19414,NJ Titans,Keval Morakhia,c Vikas S b Manik V,5,10,0,0,50.00
19414,NJ Titans,Uchit Sheth †,b Rajeev K,0,2,0,0,0.00
19414,NJ Titans,Yashwant Rao,c Revanth P b Abhishek D,19,10,4,0,190.00
19414,NJ Titans,Malav Shah,c Shravan p b Abhishek D,7,12,1,0,58.33
19414,NJ Titans,Darsh Ajmera*,b Revanth P,22,22,3,0,100.00
19414,NJ Titans,Sourav Poddar,c †Pieush S b Abhishek D,1,4,0,0,25.00
19414,NJ Titans,Nirav Pathak,c †Pieush S b Rajeev K,26,22,0,2,118.18
19414,NJ Titans,Nimesh R,b Abhishek D,0,5,0,0,0.00
19414,NJ Titans,Jinay Shah,run out (Abhishek D),1,3,0,0,33.33
19414,NJ Titans,Mitul Shah,not out,0,0,0,0,0.00
19414,Pmcc,Pieush Saktawat,c&b Yashwant R,16,15,0,1,106.67
19414,Pmcc,Vikas Sastry,c Krunal C b Yashwant R,1,2,0,0,50.00
19414,Pmcc,Jay Mehta,c Malav S b Darsh A,2,5,0,0,40.00
19414,Pmcc,Jaskirat Sodhi*,run out (Nirav P),20,21,2,1,95.24
19414,Pmcc,Satish Ranganathan,c Nirav P b Darsh A,4,3,1,0,133.33
19414,Pmcc,Abhishek Dutta,c Malav S b Yashwant R,1,7,0,0,14.29
19414,Pmcc,Shravan Panguluri,c Krunal C b Sourav P,11,14,0,1,78.57
19414,Pmcc,Revanth Pakyala,b Nirav P,0,3,0,0,0.00
19414,Pmcc,Manik Virmani,c&b Darsh A,9,9,1,0,100.00
19414,Pmcc,Amar Srivastava,not out,1,1,0,0,100.00
19414,Pmcc,Rajeev Kumar,c Krunal C b Darsh A,3,3,0,0,100.00
19417,Vikings CC,Daya Chow,run out (Jithu J/Nithin V),22,18,3,1,122.22
19417,Vikings CC,Anudeep D,b Nithin V,3,8,0,0,37.50
19417,Vikings CC,Anvesh Reddy Donapati* †,c †Prabha O b Jithu J,11,15,1,0,73.33
19417,Vikings CC,Sai Kumar Cherukuri,c John Rose J b Mathew J,18,11,3,0,163.64
19417,Vikings CC,Vishwateja B,c&b Jithin V,0,2,0,0,0.00
19417,Vikings CC,Sunil Gudapati,c †Prabha O b Jithin V,0,1,0,0,0.00
19417,Vikings CC,Srikanth Kataram,c Jithin V b Mathew J,2,4,0,0,50.00
19417,Vikings CC,Mahindra Chowdary Yeddanapalli,b Jithin V,0,2,0,0,0.00
19417,Vikings CC,Raj Tiguti,b Jithin V,6,11,1,0,54.55
19417,Vikings CC,Nanje Gowda,b Mathew J,1,10,0,0,10.00
19417,Vikings CC,Ajith Nalluri,not out,12,7,1,1,171.43
19417,Staten Island Strikers,Nithin Varughese,c Sunil G b Nanje G,0,2,0,0,0.00
19417,Staten Island Strikers,Nithin Eapen Andrews,b Nanje G,0,3,0,0,0.00
19417,Staten Island Strikers,Mathew James,c Anudeep D b Raj T,16,19,1,1,84.21
19417,Staten Island Strikers,Jithu Job,c Ajith N b Vishwateja B,3,12,0,0,25.00
19417,Staten Island Strikers,Basil Jose*,c †Anvesh Reddy D b Sunil G,4,8,0,0,50.00
19417,Staten Island Strikers,John Rose Joseph,run out (Sunil G),6,3,1,0,200.00
19417,Staten Island Strikers,Eldo B,c Daya C b Nanje G,0,4,0,0,0.00
19417,Staten Island Strikers,Alphin John,c †Anvesh Reddy D b Raj T,16,16,1,1,100.00
19417,Staten Island Strikers,Jithin Varghese,c Sunil G b Vishwateja B,4,8,0,0,50.00
19417,Staten Island Strikers,Jithin Varghese,c Raj T b Nanje G,0,2,0,0,0.00
19417,Staten Island Strikers,Prabha Oommen †,not out,7,7,0,1,100.00
19431,Jersey City Dominators,Aman Deshmukh,run out (Lakshmikanth C),2,3,0,0,66.67
19431,Jersey City Dominators,Priyash Nagarkar*,c Anil P b Ishwar G,10,20,1,0,50.00
19431,Jersey City Dominators,Shoaib Kalawant,c Chaitanya B b Elayaraja M,3,9,0,0,33.33
19431,Jersey City Dominators,Sunit Shirke,c †Anil P b Chaitanya B,9,9,0,1,100.00
19431,Jersey City Dominators,Pushkar Mayur Dhume,b Elayaraja M,1,8,0,0,12.50
19431,Jersey City Dominators,Gautam Ahuja,c †Lakshmikanth C b Elayaraja M,5,9,0,0,55.56
19431,Jersey City Dominators,Shubh Bhardwaj,not out,51,28,2,5,182.14
19431,Jersey City Dominators,Yash Bandekar,c †Ishwar G b Anil P,0,2,0,0,0.00
19431,Jersey City Dominators,Dhruv Chamaria,c †Lakshmikanth C b Chaitanya B,8,5,0,1,160.00
19431,Jersey City Dominators,Eshan Venugopal,not out,9,5,0,1,180.00
19431,Perryville Panthers,Praneeth Siripurapu,c Gautam A b Eshan v,6,9,0,0,66.67
19431,Perryville Panthers,Ishwar Girase,c&b Gautam A,0,1,0,0,0.00
19431,Perryville Panthers,Chaitanya Boddu*,c Priyash N b Gautam A,0,2,0,0,0.00
19431,Perryville Panthers,Ajay K,c Sunit S b Shubh B,7,16,0,0,43.75
19431,Perryville Panthers,Ranjeevan Gurumoorthy,run out (Shoaib K/Shubh B),2,5,0,0,40.00
19431,Perryville Panthers,Abhijeet Rathaur,c Dhruv C b Sunit S,5,13,1,0,38.46
19431,Perryville Panthers,Naveen Valmiki,c Eshan v b Gautam A,3,8,0,0,37.50
19431,Perryville Panthers,Srikanth Dasari,not out,13,26,2,0,50.00
19431,Perryville Panthers,Anil Paduchuri,c †Pushkar Mayur D b Gautam A,2,8,0,0,25.00
19431,Perryville Panthers,Lakshmikanth Chaluvadi,c Shubh B b Eshan v,1,3,0,0,33.33
19431,Perryville Panthers,Elayaraja Muthuswamy,not out,8,7,0,0,114.29
19445,Bayonne CC,Udhaya Kumar Bagavathiappan,c Siddharth S b CK 1,33,22,5,1,150.00
19445,Bayonne CC,Krishna Prasad Prakash,b CK 1,1,4,0,0,25.00
19445,Bayonne CC,Rajesh Balasubramanian,c †Raj R b Sankar G,5,11,0,0,45.45
19445,Bayonne CC,Prakash Baskar*,c Venkatesh P b CK 1,3,4,0,0,75.00
19445,Bayonne CC,Chandra Sekhar Mutha,c Arunraj V b Jegan T,14,6,0,2,233.33
19445,Bayonne CC,Bhargava Reddy Ravuru,b Sankar G,2,10,0,0,20.00
19445,Bayonne CC,Satishkumar Sathuraveeran Veeranan,c CK 1 b Jegan T,1,2,0,0,50.00
19445,Bayonne CC,Govarthanan Kuppusamy,b CK 1,17,10,1,1,170.00
19445,Bayonne CC,Mohan Kumar Undavalli,c Thileepan S b Arunraj V,1,10,0,0,10.00
19445,Bayonne CC,Ramachandran Jambu,c Venkatesh P b CK 1,0,4,0,0,0.00
19445,Bayonne CC,Suresh Kumar,not out,0,0,0,0,0.00
19445,Edison Super Kings,Raj Radhakrishnan,c †Rajesh B b Prakash B,4,6,0,0,66.67
19445,Edison Super Kings,Arunraj Venugopal,b Chandra Sekhar M,17,18,2,1,94.44
19445,Edison Super Kings,Prudviraj Nethikar,c Govarthanan K b Bhargava Reddy R,12,16,1,0,75.00
19445,Edison Super Kings,Siddharth Singh,c Chandra Sekhar M b Udhaya kumar B,11,10,0,0,110.00
19445,Edison Super Kings,Venkatesh Parivallal,not out,24,19,0,3,126.32
19445,Edison Super Kings,Thileepan Solaiyan,c SatishKumar S b Chandra Sekhar M,1,3,0,0,33.33
19445,Edison Super Kings,Chandrashekaran Marisamy*,not out,18,13,4,0,138.46
19446,TRIDENTS XI,Tushar Patel †,c Rudra J b Abhishar M,4,3,1,0,133.33
19446,TRIDENTS XI,Balamurugan C,c Vijay K b Abhishar M,9,7,2,0,128.57
19446,TRIDENTS XI,Pulin Shah,c Vijay K b Rudra J,53,27,2,6,196.30
19446,TRIDENTS XI,Shubham Gandhi,c †Saarth S b Vijay K,4,7,0,0,57.14
19446,TRIDENTS XI,Nishant Dhruve,c Dhiraj B b Nitin V. M,6,10,0,0,60.00
19446,TRIDENTS XI,Anil T,c Sachin K b Nitin V. M,8,6,0,1,133.33
19446,TRIDENTS XI,Rashik Mohamed,c Harshil K b Rudra J,0,3,0,0,0.00
19446,TRIDENTS XI,Vishal Modi,c †Saarth S b Rudra J,3,6,0,0,50.00
19446,TRIDENTS XI,Varrun Phanda,c †Saarth S b Abhishar M,9,9,0,1,100.00
19446,TRIDENTS XI,Manish Parihar,b Varun S,1,7,0,0,14.29
19446,TRIDENTS XI,Harish (harry)*,not out,4,9,0,0,44.44
19446,Edison Warriors,Nitin V. Malde,run out (Harish (),1,3,0,0,33.33
19446,Edison Warriors,Vijay Kk,b Rashik M,2,9,0,0,22.22
19446,Edison Warriors,Sachin Kadam,c Vishal M b Tushar P,2,10,0,0,20.00
19446,Edison Warriors,Rudra J,c Vishal M b Tushar P,45,33,1,5,136.36
19446,Edison Warriors,Saarth Shah,c †Nishant D b Tushar P,0,1,0,0,0.00
19446,Edison Warriors,Varun Shah*,c Pulin S b Rashik M,0,4,0,0,0.00
19446,Edison Warriors,Dhiraj Borude,c Pulin S b Tushar P,15,15,2,0,100.00
19446,Edison Warriors,Abhishar M,c †Nishant D b Varrun P,3,8,0,0,37.50
19446,Edison Warriors,Hari Krishnan,not out,15,9,1,1,166.67
19446,Edison Warriors,Harshil Khamar,c †Nishant D b Varrun P,1,2,0,0,50.00
19446,Edison Warriors,Ajith Kannan,b Varrun P,5,4,1,0,125.00
19454,Parsippany Super Kings,Manohar Chembeti,c †Hassan A b Prasad F,0,2,0,0,0.00
19454,Parsippany Super Kings,Vishal Bharath,c Prasad F b Niaz K,17,25,1,1,68.00
19454,Parsippany Super Kings,Gopalakrishnan Radhakrishnan,b Prasad F,1,9,0,0,11.11
19454,Parsippany Super Kings,Tejesh Boppana,c Mohammed Arif L b Ankit A,12,17,2,0,70.59
19454,Parsippany Super Kings,Suman Kd,c&b Ankit A,7,10,1,0,70.00
19454,Parsippany Super Kings,Satish Chinnam,c †Hassan A b Ali A,11,8,0,1,137.50
19454,Parsippany Super Kings,Praveen Reddy Nandyala,run out (Niaz K),9,18,0,0,50.00
19454,Parsippany Super Kings,Jeet Pawar,c&b Prasad F,10,6,0,1,166.67
19454,Parsippany Super Kings,Sai Keerthan Reddy,not out,1,1,0,0,100.00
19454,NJ Boxers,Hassan Anjum,b Gopalakrishnan R,21,33,3,0,63.64
19454,NJ Boxers,Mohammed Arif Lathif,c †Tejesh B b Pradeep Reddy P,2,4,0,0,50.00
19454,NJ Boxers,Navaneetha Krishnan Arunachalam,c †Tejesh B b Jeet P,3,13,0,0,23.08
19454,NJ Boxers,Shivang Chaurushia*,b Manohar C,34,24,1,4,141.67
19454,NJ Boxers,Shivansh Chaurushia,not out,9,6,0,1,150.00
19454,NJ Boxers,Prasad Fernando,Hit Wicket Gopalakrishnan R,1,3,0,0,33.33
19454,NJ Boxers,Vaibhav Kadakia,not out,3,4,0,0,75.00
19456,Cricket Warriors,Miral Parmar*,c †shailendra g b Harjot Singh S,7,8,0,0,87.50
19456,Cricket Warriors,Manish Makhija,c Mihir P b Srinath N,27,30,3,0,90.00
19456,Cricket Warriors,Ayazuddin Faiyazuddin Sayed,c Kawaljeet Singh M b Srinath N,26,22,3,1,118.18
19456,Cricket Warriors,Aditya Rathor,c Mihir P b Harjot Singh S,2,12,0,0,16.67
19456,Cricket Warriors,Dhaval Patel,not out,30,18,2,2,166.67
19456,Cricket Warriors,Dipen Patel,run out (Ashutosh T/Pranav R),3,7,0,0,42.86
19456,Cricket Warriors,Bhadresh Patel,not out,2,2,0,0,100.00
19456,GoldFinch Cricket Club,Mihir Patel,c Aditya R b Sunil S,1,5,0,0,20.00
19456,GoldFinch Cricket Club,Bhavik B Chokshi,c Ankit P b Sunil S,1,6,0,0,16.67
19456,GoldFinch Cricket Club,Shailendra Goyal,c Dhaval P b Dipen P,18,21,1,1,85.71
19456,GoldFinch Cricket Club,Kawaljeet Singh Matta*,c Miral P b Bhadresh P,12,5,3,0,240.00
19456,GoldFinch Cricket Club,Gurmeet Singh,c †AYAZUDDIN FAIYAZUDDIN S b Aditya R,4,7,0,0,57.14
19456,GoldFinch Cricket Club,Pranav Raibagi,c Ankit P b Sunil S,15,12,0,2,125.00
19456,GoldFinch Cricket Club,Srinath Nathan,c Dhaval P b Bhadresh P,2,5,0,0,40.00
19456,GoldFinch Cricket Club,Hirenkumar Patel,b Bhadresh P,0,3,0,0,0.00
19456,GoldFinch Cricket Club,Harjot Singh Saini,not out,2,6,0,0,33.33
19456,GoldFinch Cricket Club,Shilpan Patel,c Manish M b Sunil S,8,8,0,1,100.00
19456,GoldFinch Cricket Club,Ashutosh Thakur,b Bhadresh P,1,2,0,0,50.00
19465,PCA Jr.,Divyesh Patel Gcc,c Dileep R b sandeep s,1,7,0,0,14.29
19465,PCA Jr.,Hardik Vyas (gcc),c Anilreddy A b sandeep s,10,12,2,0,83.33
19465,PCA Jr.,Sahil Patel,c Ashish S b Harshad P,3,5,0,0,60.00
19465,PCA Jr.,Priyank Patel(gcc),c Anilreddy A b Naveen R S,10,11,0,1,90.91
19465,PCA Jr.,Samir Patel*,c Ashish S b sandeep s,0,5,0,0,0.00
19465,PCA Jr.,Rishi Patel Gcc,c Anilreddy A b Naveen R S,4,10,0,0,40.00
19465,PCA Jr.,Chintan Patel,c Ashish S b Ankur C,6,6,0,1,100.00
19465,PCA Jr.,Joyal Patel,b Avteet C,6,10,1,0,60.00
19465,PCA Jr.,Hemal Patel (gcc),b Ashish S,8,10,1,0,80.00
19465,PCA Jr.,Pruthvik Patel,not out,4,10,0,0,40.00
19465,PCA Jr.,Deep Parikh Gcc,run out (Avteet C),3,4,0,0,75.00
19465,VRK Gladiators,Dileep Reddy,b Sahil P,8,5,2,0,160.00
19465,VRK Gladiators,Anilreddy Aleti,c †Chintan P b Samir P,6,4,1,0,150.00
19465,VRK Gladiators,Vipul Joshi,c Deep P b Samir P,2,7,0,0,28.57
19465,VRK Gladiators,Avteet Chayal,not out,26,26,2,1,100.00
19465,VRK Gladiators,Tejdeep Maddirala,b Samir P,4,2,1,0,200.00
19465,VRK Gladiators,Ashish Shetty,c †Chintan P b Rishi P,4,3,1,0,133.33
19465,VRK Gladiators,Sandeep Shetty,c Priyank P b Hardik V,8,4,0,1,200.00
19465,VRK Gladiators,Naveen R Sripathi,not out,14,11,2,0,127.27
19467,Sparta XI,Geethal Withanachchi,c Harsh T b Sheshnath Y,3,6,0,0,50.00
19467,Sparta XI,Ashok Thota,b Himanshu M,23,17,3,1,135.29
19467,Sparta XI,Mohit Gorhe †,run out (Harsh T),11,19,0,0,57.89
19467,Sparta XI,Suman Maramreddy*,c Thippesh B b Himanshu M,13,16,0,1,81.25
19467,Sparta XI,Mashal Zia,c Pavan Rohith M b Jitendra P,5,11,0,0,45.45
19467,Sparta XI,Roop Yekollu,c †Atul G b Sheshnath Y,0,2,0,0,0.00
19467,Sparta XI,Niran Perera,c Manoj K b Sheshnath Y,2,8,0,0,25.00
19467,Sparta XI,Piyush Parashar,c Thippesh B b Himanshu M,5,5,1,0,100.00
19467,Sparta XI,Sreenath Kodedala,c Manoj K b Jitendra P,3,8,0,0,37.50
19467,Sparta XI,Abhisheka Dalal,not out,5,5,0,0,100.00
19467,Sparta XI,Sushant Srivastava,not out,1,1,0,0,100.00
19467,Cricket Lovers,Thippesh Bethur Hanumanthreddy,c †Mohit G b Niran P,17,23,0,2,73.91
19467,Cricket Lovers,Aman Mohid,c Roop Y b Suman M,27,27,0,3,100.00
19467,Cricket Lovers,Harsh Tyagi,c Geethal W b Suman M,23,19,1,2,121.05
19467,Cricket Lovers,Himanshu Mastana,b Niran P,3,5,0,0,60.00
19467,Cricket Lovers,Asif Arshid*,b Suman M,0,1,0,0,0.00
19467,Cricket Lovers,Manoj Kaushal,not out,2,3,0,0,66.67
19467,Cricket Lovers,Jitendra Purohit,not out,6,4,0,1,150.00
19468,Plainsboro Panthers,Vivek Reddy,c †Pavan P b Ankit S,1,2,0,0,50.00
19468,Plainsboro Panthers,Puneeth Kumar,c Aman C b Mohit J,5,14,0,0,35.71
19468,Plainsboro Panthers,Vijayanand Ponnada,b Sravan N,5,9,0,0,55.56
19468,Plainsboro Panthers,Monty Shah,c †Pavan P b Ankit S,32,27,2,0,118.52
19468,Plainsboro Panthers,Suresh Sri,c Ishan A b Rohit P,18,22,2,0,81.82
19468,Plainsboro Panthers,Karan N,c Kuldeep S b Ishan A,3,4,0,0,75.00
19468,Plainsboro Panthers,Dileep Linga,c Karan N b Rohit P,1,2,0,0,50.00
19468,Plainsboro Panthers,Nitin Vazirani,not out,3,4,0,0,75.00
19468,Plainsboro Panthers,Nitesh C* †,c †Pavan P b Sravan N,13,10,1,1,130.00
19468,Plainsboro Panthers,Ranjith Kaluvala,not out,2,2,0,0,100.00
19468,Hudson Hurricanes Sultans,Pavan Poojar †,b Dileep L,7,4,0,1,175.00
19468,Hudson Hurricanes Sultans,Ishan Abhinit,c †Vivek R b VIJAYANAND P,0,2,0,0,0.00
19468,Hudson Hurricanes Sultans,Dishant Shah,c †Vivek R b Sreehari M,19,16,2,1,118.75
19468,Hudson Hurricanes Sultans,Karan Nawani,c †Vivek R b Dileep L,0,3,0,0,0.00
19468,Hudson Hurricanes Sultans,Ankit Singh,c Nitesh C b Dileep L,1,3,0,0,33.33
19468,Hudson Hurricanes Sultans,Mohit Jain,c †Vivek R b Nitesh C,3,4,0,0,75.00
19468,Hudson Hurricanes Sultans,Aashish Garg,c †Vivek R b Karan N,2,6,0,0,33.33
19468,Hudson Hurricanes Sultans,Sravan Nekkanti,c Ranjith K b Sreehari M,5,16,0,0,31.25
19468,Hudson Hurricanes Sultans,Aman Chaturvedi,c Puneeth K b VIJAYANAND P,6,12,1,0,50.00
19468,Hudson Hurricanes Sultans,Kuldeep Shukla*,c Monty S b Karan N,2,6,0,0,33.33
19468,Hudson Hurricanes Sultans,Rohit Pradhan,not out,1,2,0,0,50.00
19472,Jersey Sloggers,Vikasreddy Rangapur,c †Jitendra G b Jithendra K,18,18,2,0,100.00
19472,Jersey Sloggers,Gaurav Sharma,c Krunal S b Bharath R,0,2,0,0,0.00
19472,Jersey Sloggers,Aman Dudeja,b Krunal S,2,10,0,0,20.00
19472,Jersey Sloggers,Jeyaram Ramadoss*,run out (Krupal P),73,40,8,5,182.50
19472,Jersey Sloggers,Santhosh Kumar Santhakumar,Retired Not Out,20,13,2,1,153.85
19472,Jersey Sloggers,Govind Somvanshi,not out,19,8,0,2,237.50
19472,Jersey Sloggers,Satish Kumar Durgam,not out,3,5,0,0,60.00
19472,RCW - Weekenders,Manoj Jaiswal,c Govind S b Naveen Kumar G,2,5,0,0,40.00
19472,RCW - Weekenders,Jithendra Kolluru,c Jeyaram R b Satish kumar D,6,13,0,0,46.15
19472,RCW - Weekenders,Krupal Patel,c Naveen Kumar G b Govind S,31,23,4,1,134.78
19472,RCW - Weekenders,Rajesh Yagnik,b Satish kumar D,9,10,1,0,90.00
19472,RCW - Weekenders,Jitendra Gupta*,c Aman D b Raghuveer B,11,13,1,0,84.62
19472,RCW - Weekenders,Achintya Dwivedi,b Govind S,0,4,0,0,0.00
19472,RCW - Weekenders,Vipul Soni,c Jeyaram R b Raghuveer B,18,8,0,2,225.00
19472,RCW - Weekenders,Ravi Cherukuru,c&b Raghuveer B,1,2,0,0,50.00
19472,RCW - Weekenders,Jitendra Arora,c Jeyaram R b Satish kumar D,2,4,0,0,50.00
19472,RCW - Weekenders,Krunal Shah,not out,1,2,0,0,50.00
19472,RCW - Weekenders,Bharath Ramaswamy,c&b Raghuveer B,1,7,0,0,14.29
19476,Karma XI,Soumyabrata Paul,run out (Akash R),28,34,4,0,82.35
19476,Karma XI,Ritwik Roy,c Mohammed S b Shoaib J,9,12,0,0,75.00
19476,Karma XI,Sourav Mazumder,c Sarfaraz S b Shoaib J,1,3,0,0,33.33
19476,Karma XI,Prosenjit Sinha,c Sarfaraz S b Mohammad U,3,6,0,0,50.00
19476,Karma XI,Rahul Dhawan,c Shoaib J b Akash R,6,7,1,0,85.71
19476,Karma XI,Zubin Shah,c †Sarfaraz S b Hamza S,5,12,0,0,41.67
19476,Karma XI,Pran Mukhopadhyay,not out,4,8,0,0,50.00
19476,Karma XI,Abhik Sil,c Raja Sekhar S b Shoaib J,2,7,0,0,28.57
19476,Karma XI,Parth Patel,c Raja Sekhar S b Shoaib J,0,1,0,0,0.00
19476,Karma XI,Sumanta Pal* †,run out (Mohammad U/Raja Sekhar S),4,6,0,0,66.67
19476,MCC - Weekenders,Sarfaraz Sheikh*,c&b Sourav M,13,7,3,0,185.71
19476,MCC - Weekenders,Akash Rao,c Prosenjit S b Rahul D,3,5,0,0,60.00
19476,MCC - Weekenders,Goldy Chaudhary,c †Sumanta P b Sourav M,0,1,0,0,0.00
19476,MCC - Weekenders,Mohammed Suhail,c †Sumanta P b Zubin S,0,4,0,0,0.00
19476,MCC - Weekenders,Raja Sekhar Sanaka,c&b Zubin S,9,11,1,0,81.82
19476,MCC - Weekenders,Mohammad Usman,not out,17,23,1,1,73.91
19476,MCC - Weekenders,Hamza Shahid,c Prosenjit S b Soumyabrata P,9,10,0,1,90.00
19476,MCC - Weekenders,Shoaib Jafri,c Zubin S b Rahul D,19,15,1,2,126.67
19476,MCC - Weekenders,Amit Singh,c †Sumanta P b Sourav M,4,4,1,0,100.00
19476,MCC - Weekenders,Akash Kathuri,not out,1,8,0,0,12.50
19478,Newport Narcos,Hitesh Raghuvanshi,c&b Vamshidhar R,0,4,0,0,0.00
19478,Newport Narcos,Chet Kalra*,c Madesh S b Vamshidhar R,2,4,0,0,50.00
19478,Newport Narcos,Darshil Doshi,c Madesh S b Vamshidhar R,29,20,2,2,145.00
19478,Newport Narcos,Saket D,c †Manoj V b Balaji R,9,13,1,0,69.23
19478,Newport Narcos,Yash Pise,c Balaji R b Vamshidhar R,10,4,1,1,250.00
19478,Newport Narcos,Rohan Mate †,b Vamshidhar R,49,34,6,3,144.12
19478,Newport Narcos,Nitish Dabas,c Abhishek A b Balaji R,12,7,1,1,171.43
19478,Newport Narcos,Shubham Bhutada,c Vamshidhar R b Balaji R,4,6,0,0,66.67
19478,Newport Narcos,Sid Jain,run out (Balaji R),1,1,0,0,100.00
19478,Newport Narcos,Siddharth Mehra,c Pavan kumar Reddy D b Balaji R,4,3,1,0,133.33
19478,Newport Narcos,Anuj Thaker,not out,1,1,0,0,100.00
19478,SB Vikings Cricket Club,Ashok Dhanasekaran,c Rohan M b Shubham B,25,24,2,2,104.17
19478,SB Vikings Cricket Club,Pavan Kumar Reddy Dereddy,c Chet K b Anuj T,2,6,0,0,33.33
19478,SB Vikings Cricket Club,Aahlad Reddivari,run out (Hitesh R/Rohan M),19,16,2,1,118.75
19478,SB Vikings Cricket Club,Manoj V,c †Rohan M b Chet K,16,12,3,0,133.33
19478,SB Vikings Cricket Club,Abhishek Amin,c Nitish D b Anuj T,1,2,0,0,50.00
19478,SB Vikings Cricket Club,Madesh Swaminaidu*,c †Rohan M b Anuj T,0,1,0,0,0.00
19478,SB Vikings Cricket Club,Balaji Rajagopalan,c †Rohan M b Anuj T,0,3,0,0,0.00
19478,SB Vikings Cricket Club,Habib Mondal,c Nitish D b Shubham B,4,6,1,0,66.67
19478,SB Vikings Cricket Club,Vamshidhar Reddy,not out,31,22,3,2,140.91
19478,SB Vikings Cricket Club,Shirish Gupta †,not out,7,5,1,0,140.00
19499,Bayonne CC,Udhaya Kumar Bagavathiappan,c †Rajesh Y b Manoj J,0,1,0,0,0.00
19499,Bayonne CC,Ashokan A,c †Rajesh Y b Jitendra A,6,8,1,0,75.00
19499,Bayonne CC,Rajesh Balasubramanian,run out (Jithendra K),8,18,0,0,44.44
19499,Bayonne CC,Satishkumar Sathuraveeran Veeranan,run out (Krunal S),2,2,0,0,100.00
19499,Bayonne CC,Sakthivel Veeramuthu,c Krupal P b Krunal S,18,25,3,0,72.00
19499,Bayonne CC,Prakash Baskar*,c Ravi C b Jithendra K,10,4,2,0,250.00
19499,Bayonne CC,Chandra Sekhar Mutha,run out (Anjeneya D),32,26,4,0,123.08
19499,Bayonne CC,Anandakumar Raji(anand),b Jithendra K,2,5,0,0,40.00
19499,Bayonne CC,Namit Nair,run out (Krunal S),4,9,0,0,44.44
19499,Bayonne CC,Suresh Kumar,not out,1,1,0,0,100.00
19499,RCW - Weekenders,Rajesh Yagnik,c †Rajesh B b Anandakumar R,13,12,1,0,108.33
19499,RCW - Weekenders,Vaibhav Singh,c †Rajesh B b Anandakumar R,16,13,1,1,123.08
19499,RCW - Weekenders,Abir Kapur,b Prakash B,2,7,0,0,28.57
19499,RCW - Weekenders,Siddharth Sethi*,c Prakash B b Anandakumar R,17,13,3,0,130.77
19499,RCW - Weekenders,Anjeneya Dubey,c Anandakumar R b Ashokan A,10,11,2,0,90.91
19499,RCW - Weekenders,Ravi Cherukuru,b Anandakumar R,0,7,0,0,0.00
19499,RCW - Weekenders,Krupal Patel,c Ramachandran J b Prakash B,7,4,0,1,175.00
19499,RCW - Weekenders,Manoj Jaiswal,b Ashokan A,1,3,0,0,33.33
19499,RCW - Weekenders,Krunal Shah,b Ashokan A,0,2,0,0,0.00
19499,RCW - Weekenders,Jitendra Arora,run out (Suresh K),1,7,0,0,14.29
19499,RCW - Weekenders,Jithendra Kolluru,not out,1,4,0,0,25.00
19501,Karma XI,Parth Patel,run out (VIJAYANAND P),5,4,1,0,125.00
19501,Karma XI,Soumyabrata Paul,c Puneeth K b Nitesh C,0,5,0,0,0.00
19501,Karma XI,Krishanu Ghosh,c Monty S b Dileep L,14,22,1,0,63.64
19501,Karma XI,Sourav Mazumder,c Chandra K b Vamshi R,23,13,3,1,176.92
19501,Karma XI,Abhik Sil,c Monty S b Nitesh C,9,12,0,0,75.00
19501,Karma XI,Piyush Kunwar,c Vamshi R b Dileep L,22,11,2,2,200.00
19501,Karma XI,Pran Mukhopadhyay,c VIJAYANAND P b Dileep L,1,4,0,0,25.00
19501,Karma XI,Ritwik Roy,c †Vivek R b VIJAYANAND P,13,10,1,0,130.00
19501,Karma XI,Sumanta Pal* †,c †Vivek R b Dileep L,2,3,0,0,66.67
19501,Karma XI,Subodh Bapat,not out,18,12,0,2,150.00
19501,Karma XI,Debrup Jana,not out,1,1,0,0,100.00
19501,Plainsboro Panthers,Nitin Vazirani,c Abhik S b Soumyabrata P,2,5,0,0,40.00
19501,Plainsboro Panthers,Vivek Reddy,c Soumyabrata P b Sourav M,8,14,0,0,57.14
19501,Plainsboro Panthers,Chandra Kanuri,c †Sumanta P b Soumyabrata P,41,38,5,1,107.89
19501,Plainsboro Panthers,Monty Shah,not out,55,30,5,3,183.33
19501,Plainsboro Panthers,Madhusudhan Banda,not out,2,1,0,0,200.00
19504,GoldFinch Cricket Club,Shailendra Goyal,c Keyur P b Rashik M,4,19,0,0,21.05
19504,GoldFinch Cricket Club,Gaurav Shah †,c †Vipul S b Tushar P,14,21,1,0,66.67
19504,GoldFinch Cricket Club,Mihir Patel,c Anil T b Keyur P,2,6,0,0,33.33
19504,GoldFinch Cricket Club,Kawaljeet Singh Matta*,c †Vipul S b Tushar P,35,25,4,2,140.00
19504,GoldFinch Cricket Club,Gurmeet Singh,b Rashik M,10,9,2,0,111.11
19504,GoldFinch Cricket Club,Srinath Nathan,not out,8,13,0,0,61.54
19504,GoldFinch Cricket Club,Harjot Singh Saini,not out,5,6,0,0,83.33
19504,TRIDENTS XI,Tushar Patel †,c Murali G b Gurmeet S,39,43,0,4,90.70
19504,TRIDENTS XI,Shubham Gandhi,run out (shailendra g),2,12,0,0,16.67
19504,TRIDENTS XI,Aaditya Amin,c Murali G b Harjot Singh S,0,1,0,0,0.00
19504,TRIDENTS XI,Keyur Patel,c †Gaurav S b Harjot Singh S,0,2,0,0,0.00
19504,TRIDENTS XI,Pruthvi Patel,c Advith S b Gurmeet S,8,15,0,0,53.33
19504,TRIDENTS XI,Pulin Shah,b Kawaljeet Singh M,4,6,0,0,66.67
19504,TRIDENTS XI,Anil T,c shailendra g b Srinath N,1,4,0,0,25.00
19504,TRIDENTS XI,Balamurugan C,not out,4,3,1,0,133.33
19504,TRIDENTS XI,Rashik Mohamed,not out,11,5,1,1,220.00
19508,Cricket Lovers,Thippesh Bethur Hanumanthreddy,c †Imran S b Shoaib J,8,15,1,0,53.33
19508,Cricket Lovers,Aman Mohid,c Tejas P b Hamza S,41,32,3,2,128.12
19508,Cricket Lovers,Sai Kishore K,b Shoaib J,1,7,0,0,14.29
19508,Cricket Lovers,Atul Gupta,not out,30,28,2,1,107.14
19508,Cricket Lovers,Asif Arshid*,not out,26,14,4,1,185.71
19508,MCC - Weekenders,Sarfaraz Sheikh*,run out (Ammar A),15,18,1,0,83.33
19508,MCC - Weekenders,Tejas Patel,c †Thippesh B b Atul G,31,26,5,0,119.23
19508,MCC - Weekenders,Goldy Chaudhary,c Jitendra P b Atul G,0,2,0,0,0.00
19508,MCC - Weekenders,Shoaib Jafri,not out,17,14,0,2,121.43
19508,MCC - Weekenders,Imran Sardar †,c Ammar A b Atul G,5,8,1,0,62.50
19508,MCC - Weekenders,Akash Kathuri,b Atul G,15,9,3,0,166.67
19508,MCC - Weekenders,Hamza Shahid,not out,20,8,3,1,250.00
19512,Cricket Warriors,Miral Parmar*,c †Rohith K b Ankit S,5,10,0,0,50.00
19512,Cricket Warriors,Manish Makhija,c †Rohith K b Kuldeep S,1,9,0,0,11.11
19512,Cricket Warriors,Prarthit Shah,run out (Ishan A),47,38,2,2,123.68
19512,Cricket Warriors,Aditya Rathor,c Aman C b Ankit S,7,9,1,0,77.78
19512,Cricket Warriors,Karthik Jayakumar,c Sravan N b Kuldeep S,10,16,1,0,62.50
19512,Cricket Warriors,Dhaval Patel,b Rohit P,10,11,1,0,90.91
19512,Cricket Warriors,Bhadresh Patel,not out,7,3,1,0,233.33
19512,Hudson Hurricanes Sultans,Pavan Poojar †,b Bhadresh P,0,3,0,0,0.00
19512,Hudson Hurricanes Sultans,Rohith Kodangal Varala,c Miral P b Vandan P,24,11,2,2,218.18
19512,Hudson Hurricanes Sultans,Ishan Abhinit,c Substitute b Aditya R,17,11,2,1,154.55
19512,Hudson Hurricanes Sultans,Dishant Shah,not out,25,33,2,1,75.76
19512,Hudson Hurricanes Sultans,Bharat Lakhani,b Vandan P,4,4,1,0,100.00
19512,Hudson Hurricanes Sultans,Aman Chaturvedi,c Manish M b Aditya R,9,20,0,0,45.00
19512,Hudson Hurricanes Sultans,Ankit Singh,not out,13,12,0,1,108.33
19519,Newport Narcos,Rabmeet Singh,c Dharmik P b Ali A,16,21,3,0,76.19
19519,Newport Narcos,Kartik Sekar,b Kirtan B,3,8,0,0,37.50
19519,Newport Narcos,Siddharth Mehra,c Dharmik P b Ali A,7,11,1,0,63.64
19519,Newport Narcos,Nitish Dabas,c †Hassan A b Dharmik P,1,4,0,0,25.00
19519,Newport Narcos,Abhi P,c Dharmik P b Jeet P,15,11,3,0,136.36
19519,Newport Narcos,Yash Pise,not out,42,30,3,3,140.00
19519,Newport Narcos,Rohan Mate †,not out,9,12,1,0,75.00
19519,NJ Boxers,Dharmik Patel,c&b Chet K,63,21,3,8,300.00
19519,NJ Boxers,Jainil Patel,b Shubham B,6,5,0,1,120.00
19519,NJ Boxers,Hassan Anjum,not out,8,9,1,0,88.89
19519,NJ Boxers,Shivang Chaurushia,not out,23,13,3,1,176.92
19522,PCA Jr.,Sahil Patel,c Harsh S b Jay K,0,4,0,0,0.00
19522,PCA Jr.,Hardik Vyas (gcc),c Sachin K b Varun S,0,2,0,0,0.00
19522,PCA Jr.,Dipen Patel Gcc,b Varun S,23,28,0,1,82.14
19522,PCA Jr.,Priten Patel (gcc),c Sachin K b Jay K,6,15,0,0,40.00
19522,PCA Jr.,Samir Patel*,b Khush (Khushal) K,2,7,0,0,28.57
19522,PCA Jr.,Sapan Parikh,c&b Harsh S,14,20,1,0,70.00
19522,PCA Jr.,Parth Patel,run out (Nitin V. M),1,5,0,0,20.00
19522,PCA Jr.,Joyal Patel,run out (Hrishiv A),7,6,1,0,116.67
19522,PCA Jr.,Hemal Patel (gcc),not out,2,7,0,0,28.57
19522,PCA Jr.,Kirti Patel,c Dhiraj B b Khush (Khushal) K,0,1,0,0,0.00
19522,PCA Jr.,Nishil Patel Gcc,not out,0,2,0,0,0.00
19522,Edison Warriors,Ishan Shah †,c&b Priten P,8,9,1,0,88.89
19522,Edison Warriors,Nitin V. Malde,b Samir P,8,14,1,0,57.14
19522,Edison Warriors,Sachin Kadam,c Parth P b Samir P,15,17,2,1,88.24
19522,Edison Warriors,Jay Khamar,not out,12,14,1,0,85.71
19522,Edison Warriors,Harsh Shah,not out,12,14,1,1,85.71
===BOWLING===
19414,Pmcc,Rajeev Kumar,2.4,0,9,16,2,6.00,2,0
19414,Pmcc,Manik Virmani,4.0,0,11,19,2,4.75,4,0
19414,Pmcc,Revanth Pakyala,4.0,0,11,33,1,8.25,2,0
19414,Pmcc,Abhishek Dutta,4.0,0,18,13,4,3.25,1,0
19414,Pmcc,Jaskirat Sodhi*,1.0,0,2,9,0,9.00,0,0
19414,NJ Titans,Sourav Poddar,3.0,0,7,17,1,5.67,0,0
19414,NJ Titans,Yashwant Rao,4.0,0,13,15,3,3.75,0,0
19414,NJ Titans,Darsh Ajmera*,3.5,0,15,19,4,4.96,0,0
19414,NJ Titans,Nirav Pathak,3.0,0,12,21,1,7.00,4,0
19417,Staten Island Strikers,Jithin Varghese,3.0,0,11,27,3,9.00,6,0
19417,Staten Island Strikers,Nithin Varughese,4.0,0,13,21,1,5.25,3,1
19417,Staten Island Strikers,Nithin Eapen Andrews,1.0,0,4,6,0,6.00,1,0
19417,Staten Island Strikers,Jithu Job,3.0,0,8,21,1,7.00,2,0
19417,Staten Island Strikers,Mathew James,3.0,0,16,7,3,2.33,1,0
19417,Staten Island Strikers,Jithin Varghese,0.4,0,2,7,1,10.50,0,0
19417,Vikings CC,Nanje Gowda,4.0,0,21,4,4,1.00,1,0
19417,Vikings CC,Srikanth Kataram,1.0,0,5,6,0,6.00,2,0
19417,Vikings CC,Raj Tiguti,3.0,0,8,22,2,7.33,0,0
19417,Vikings CC,Vishwateja B,4.0,0,15,18,2,4.50,0,0
19417,Vikings CC,Sunil Gudapati,2.0,0,6,9,1,4.50,0,0
19431,Perryville Panthers,Anil Paduchuri,3.0,0,9,22,1,7.33,2,0
19431,Perryville Panthers,Ishwar Girase,4.0,0,16,24,1,6.00,3,2
19431,Perryville Panthers,Elayaraja Muthuswamy,4.0,0,12,26,3,6.50,5,0
19431,Perryville Panthers,Chaitanya Boddu*,4.0,0,15,21,2,5.25,3,0
19431,Perryville Panthers,Abhijeet Rathaur,1.0,0,2,21,0,21.00,1,0
19431,Jersey City Dominators,Gautam Ahuja,4.0,0,15,10,4,2.50,0,0
19431,Jersey City Dominators,Sunit Shirke,4.0,0,18,13,1,3.25,1,1
19431,Jersey City Dominators,Eshan Venugopal,3.0,0,11,11,2,3.67,0,1
19431,Jersey City Dominators,Shubh Bhardwaj,3.0,0,11,15,1,5.00,2,0
19431,Jersey City Dominators,Dhruv Chamaria,1.0,0,5,2,0,2.00,1,0
19431,Jersey City Dominators,Vishal Naik Meghavath,1.0,0,4,5,0,5.00,3,0
19445,Edison Super Kings,Sankar Gopalakrishnan,4.0,0,10,23,2,5.75,4,0
19445,Edison Super Kings,Ck 12,4.0,0,13,30,5,7.50,3,1
19445,Edison Super Kings,Chandrashekaran Marisamy*,3.0,1,14,11,0,3.67,1,0
19445,Edison Super Kings,Jegan Thangaraj,2.0,0,6,24,2,12.00,1,1
19445,Edison Super Kings,Arunraj Venugopal,0.2,0,2,3,1,9.00,2,1
19445,Bayonne CC,Bhargava Reddy Ravuru,4.0,0,11,38,1,9.50,6,0
19445,Bayonne CC,Prakash Baskar*,4.0,1,15,19,1,4.75,2,0
19445,Bayonne CC,Chandra Sekhar Mutha,3.0,0,13,11,2,3.67,1,0
19445,Bayonne CC,Udhaya Kumar Bagavathiappan,3.0,0,5,24,1,8.00,0,0
19445,Bayonne CC,Govarthanan Kuppusamy,0.1,0,0,4,0,24.00,0,0
19446,Edison Warriors,Abhishar M,4.0,0,16,23,3,5.75,0,1
19446,Edison Warriors,Varun Shah*,3.3,0,7,26,1,7.43,1,0
19446,Edison Warriors,Ajith Kannan,1.0,0,1,15,0,15.00,0,0
19446,Edison Warriors,Vijay Kk,1.0,0,3,7,1,7.00,4,0
19446,Edison Warriors,Sachin Kadam,1.0,0,1,21,0,21.00,0,0
19446,Edison Warriors,Rudra J,3.0,0,13,9,3,3.00,3,0
19446,Edison Warriors,Nitin V. Malde,2.0,0,8,9,2,4.50,0,0
19446,TRIDENTS XI,Harish (harry)*,2.0,0,6,18,0,9.00,4,0
19446,TRIDENTS XI,Balamurugan C,1.0,0,4,2,0,2.00,0,0
19446,TRIDENTS XI,Varrun Phanda,4.0,0,13,30,3,7.50,7,0
19446,TRIDENTS XI,Rashik Mohamed,4.0,0,16,22,2,5.50,4,0
19446,TRIDENTS XI,Tushar Patel †,4.0,0,15,27,4,6.75,0,1
19446,TRIDENTS XI,Anil T,1.0,0,2,10,0,10.00,3,1
19454,NJ Boxers,Prasad Fernando,4.0,2,18,7,3,1.75,0,0
19454,NJ Boxers,Ali A,4.0,0,13,25,1,6.25,2,0
19454,NJ Boxers,Navaneetha Krishnan Arunachalam,2.0,0,6,18,0,9.00,0,0
19454,NJ Boxers,Ankit Arora,4.0,0,14,15,2,3.75,2,0
19454,NJ Boxers,Niaz Khan,2.0,0,8,7,1,3.50,0,0
19454,Parsippany Super Kings,Sai Keerthan Reddy,1.0,0,1,6,0,6.00,1,0
19454,Parsippany Super Kings,Pradeep Reddy Patil*,4.0,0,16,10,1,2.50,1,0
19454,Parsippany Super Kings,Gopalakrishnan Radhakrishnan,2.3,0,9,10,2,4.00,0,0
19454,Parsippany Super Kings,Jeet Pawar,3.0,0,8,23,1,7.67,0,1
19454,Parsippany Super Kings,Manohar Chembeti,3.0,1,13,17,1,5.67,2,0
19454,Parsippany Super Kings,Vineet Shende,1.0,0,4,12,0,12.00,0,0
19456,GoldFinch Cricket Club,Harjot Singh Saini,4.0,0,15,13,2,3.25,3,0
19456,GoldFinch Cricket Club,Srinath Nathan,4.0,0,12,29,2,7.25,8,1
19456,GoldFinch Cricket Club,Bhavik B Chokshi,3.0,0,5,36,0,12.00,3,1
19456,GoldFinch Cricket Club,Gurmeet Singh,2.0,0,5,25,0,12.50,1,1
19456,GoldFinch Cricket Club,Ashutosh Thakur,3.0,0,10,14,0,4.67,2,0
19456,Cricket Warriors,Amit Patel,1.0,0,4,3,0,3.00,1,0
19456,Cricket Warriors,Sunil Subeydhi,4.0,0,17,16,4,4.00,0,0
19456,Cricket Warriors,Bhadresh Patel,3.1,0,13,20,4,6.32,5,0
19456,Cricket Warriors,Aditya Rathor,3.0,0,10,19,1,6.33,1,0
19456,Cricket Warriors,Dipen Patel,2.0,0,5,15,1,7.50,1,1
19465,VRK Gladiators,Vipul Joshi,1.0,0,6,3,0,3.00,0,2
19465,VRK Gladiators,Sandeep Shetty,4.0,0,19,7,3,1.75,1,0
19465,VRK Gladiators,Harshad Patil*,1.0,0,3,12,1,12.00,3,0
19465,VRK Gladiators,Ankur Chaturvedi,2.0,0,9,14,1,7.00,6,0
19465,VRK Gladiators,Naveen R Sripathi,2.0,0,5,16,2,8.00,0,1
19465,VRK Gladiators,Ashish Shetty,2.0,0,5,16,1,8.00,4,1
19465,VRK Gladiators,Avteet Chayal,1.1,1,7,2,1,1.71,0,1
19465,VRK Gladiators,Sridhara Raju,1.0,0,2,6,0,6.00,2,0
19465,PCA Jr.,Sahil Patel,3.0,0,10,19,1,6.33,0,0
19465,PCA Jr.,Samir Patel*,2.0,0,5,18,3,9.00,2,0
19465,PCA Jr.,Hardik Vyas (gcc),2.0,0,7,10,1,5.00,1,0
19465,PCA Jr.,Rishi Patel Gcc,1.0,0,1,13,1,13.00,0,0
19465,PCA Jr.,Chintan Patel,2.0,0,5,15,0,7.50,0,1
19465,PCA Jr.,Priyank Patel(gcc),0.1,0,0,2,0,12.00,1,0
19467,Cricket Lovers,Sheshnath Yadav,4.0,0,13,18,3,4.50,0,2
19467,Cricket Lovers,Pavan Rohith Midimilla,3.0,0,9,19,0,6.33,5,0
19467,Cricket Lovers,Jitendra Purohit,3.0,0,9,19,2,6.33,3,0
19467,Cricket Lovers,Himanshu Mastana,4.0,0,16,13,3,3.25,1,0
19467,Cricket Lovers,Manoj Kaushal,2.0,0,4,13,0,6.50,0,0
19467,Sparta XI,Suman Maramreddy*,4.0,0,20,11,3,2.75,1,0
19467,Sparta XI,Niran Perera,3.0,0,11,31,2,10.33,3,0
19467,Sparta XI,Roop Yekollu,2.0,0,7,9,0,4.50,0,0
19467,Sparta XI,Abhisheka Dalal,3.3,0,10,25,0,7.14,2,1
19467,Sparta XI,Piyush Parashar,1.0,0,2,10,0,10.00,1,0
19468,Hudson Hurricanes Sultans,Ankit Singh,3.0,0,9,10,2,3.33,0,0
19468,Hudson Hurricanes Sultans,Sravan Nekkanti,4.0,0,11,14,2,3.50,0,0
19468,Hudson Hurricanes Sultans,Mohit Jain,3.0,0,9,14,1,4.67,0,0
19468,Hudson Hurricanes Sultans,Kuldeep Shukla*,2.0,0,2,16,0,8.00,0,0
19468,Hudson Hurricanes Sultans,Rohit Pradhan,3.0,0,6,22,2,7.33,1,0
19468,Hudson Hurricanes Sultans,Ishan Abhinit,1.0,0,1,9,1,9.00,1,0
19468,Plainsboro Panthers,Vijayanand Ponnada,3.0,0,12,18,2,6.00,6,1
19468,Plainsboro Panthers,Dileep Linga,3.0,0,11,16,3,5.33,0,0
19468,Plainsboro Panthers,Sreehari Mano,3.0,0,14,12,2,4.00,3,0
19468,Plainsboro Panthers,Karan N,3.1,1,10,10,3,3.16,0,0
19472,RCW - Weekenders,Bharath Ramaswamy,4.0,0,8,42,1,10.50,4,0
19472,RCW - Weekenders,Krunal Shah,4.0,0,10,35,1,8.75,1,0
19472,RCW - Weekenders,Achintya Dwivedi,4.0,0,14,25,0,6.25,2,0
19472,RCW - Weekenders,Jithendra Kolluru,2.0,0,5,28,1,14.00,7,0
19472,RCW - Weekenders,Vipul Soni,1.0,0,2,14,0,14.00,5,0
19472,RCW - Weekenders,Manoj Jaiswal,1.0,0,2,10,0,10.00,0,0
19472,Jersey Sloggers,Tarun Chirumamilla,2.0,0,5,18,0,9.00,5,1
19472,Jersey Sloggers,Naveen Kumar Guntupalli,2.0,0,7,8,1,4.00,3,0
19472,Jersey Sloggers,Satish Kumar Durgam,3.1,0,11,19,4,6.00,3,0
19472,Jersey Sloggers,Raghuveer Bethelli,4.0,1,13,22,3,5.50,1,0
19472,Jersey Sloggers,Govind Somvanshi,2.0,0,9,8,2,4.00,0,0
19472,Jersey Sloggers,Tej Reddy,2.0,0,3,21,0,10.50,1,0
19476,MCC - Weekenders,Mohammad Usman,4.0,0,11,21,1,5.25,3,0
19476,MCC - Weekenders,Akash Rao,4.0,0,12,27,1,6.75,7,0
19476,MCC - Weekenders,Shoaib Jafri,4.0,0,14,14,4,3.50,1,0
19476,MCC - Weekenders,Hamza Shahid,4.0,0,16,19,1,4.75,8,0
19476,Karma XI,Zubin Shah,4.0,0,13,27,2,6.75,1,0
19476,Karma XI,Sourav Mazumder,4.0,1,21,6,3,1.50,3,0
19476,Karma XI,Rahul Dhawan,2.5,0,13,7,2,2.47,0,0
19476,Karma XI,Soumyabrata Paul,3.2,0,10,34,1,10.20,1,0
19476,Karma XI,Ritwik Roy,0.1,0,1,8,0,48.00,0,2
19478,SB Vikings Cricket Club,Vamshidhar Reddy,4.0,0,12,24,5,6.00,0,0
19478,SB Vikings Cricket Club,Madesh Swaminaidu*,3.0,0,7,34,0,11.33,2,0
19478,SB Vikings Cricket Club,Ashok Dhanasekaran,3.0,0,8,28,0,9.33,3,0
19478,SB Vikings Cricket Club,Balaji Rajagopalan,4.0,0,15,24,4,6.00,4,0
19478,SB Vikings Cricket Club,Aahlad Reddivari,2.0,0,7,23,0,11.50,2,1
19478,Newport Narcos,Shubham Bhutada,4.0,0,15,25,2,6.25,2,0
19478,Newport Narcos,Anuj Thaker,4.0,1,18,20,4,5.00,6,0
19478,Newport Narcos,Chet Kalra*,4.0,0,12,34,1,8.50,4,0
19478,Newport Narcos,Nitish Dabas,4.0,0,11,50,0,12.50,11,1
19499,RCW - Weekenders,Manoj Jaiswal,4.0,0,11,24,1,6.00,2,0
19499,RCW - Weekenders,Jitendra Arora,3.0,0,9,12,1,4.00,0,0
19499,RCW - Weekenders,Krunal Shah,3.0,0,10,13,1,4.33,0,1
19499,RCW - Weekenders,Jithendra Kolluru,2.0,0,5,22,2,11.00,1,2
19499,RCW - Weekenders,Abir Kapur,1.0,0,5,4,0,4.00,0,0
19499,RCW - Weekenders,Anjeneya Dubey,3.0,0,10,14,0,4.67,0,0
19499,Bayonne CC,Udhaya Kumar Bagavathiappan,1.0,0,2,12,0,12.00,0,0
19499,Bayonne CC,Prakash Baskar*,4.0,0,13,21,2,5.25,4,0
19499,Bayonne CC,Ashokan A,3.5,0,16,13,3,3.39,2,0
19499,Bayonne CC,Anandakumar Raji(anand),4.0,0,17,13,4,3.25,2,0
19499,Bayonne CC,Sakthivel Veeramuthu,1.0,0,1,17,0,17.00,0,0
19501,Plainsboro Panthers,Nitesh C* †,4.0,0,11,28,2,7.00,2,0
19501,Plainsboro Panthers,Vamshi Reddy,3.0,0,10,21,1,7.00,0,0
19501,Plainsboro Panthers,Vijayanand Ponnada,4.0,0,8,29,1,7.25,2,0
19501,Plainsboro Panthers,Dileep Linga,4.0,0,11,31,4,7.75,4,1
19501,Plainsboro Panthers,Chandra Kanuri,1.0,0,3,9,0,9.00,1,0
19501,Karma XI,Ritwik Roy,4.0,0,13,17,0,4.25,1,0
19501,Karma XI,Soumyabrata Paul,4.0,0,11,23,2,5.75,4,0
19501,Karma XI,Pran Mukhopadhyay,2.0,0,3,19,0,9.50,2,0
19501,Karma XI,Sourav Mazumder,3.2,0,7,39,1,11.70,2,0
19501,Karma XI,Subodh Bapat,1.0,0,1,22,0,22.00,1,2
19504,TRIDENTS XI,Harish (harry)*,1.0,0,3,6,0,6.00,3,0
19504,TRIDENTS XI,Pruthvi Patel,2.0,0,4,16,0,8.00,0,0
19504,TRIDENTS XI,Balamurugan C,1.0,0,5,1,0,1.00,0,0
19504,TRIDENTS XI,Rashik Mohamed,4.0,0,17,9,2,2.25,0,1
19504,TRIDENTS XI,Keyur Patel,4.0,0,15,14,1,3.50,1,1
19504,TRIDENTS XI,Tushar Patel †,4.0,0,11,40,2,10.00,1,1
19504,GoldFinch Cricket Club,Gurmeet Singh,4.0,0,16,15,2,3.75,1,0
19504,GoldFinch Cricket Club,Srinath Nathan,4.0,0,14,27,1,6.75,4,0
19504,GoldFinch Cricket Club,Harjot Singh Saini,4.0,0,16,17,2,4.25,4,0
19504,GoldFinch Cricket Club,Murali Govindaraj,1.0,0,3,12,0,12.00,6,1
19504,GoldFinch Cricket Club,Kawaljeet Singh Matta*,2.0,0,8,17,1,8.50,3,0
19508,MCC - Weekenders,Jesse Kanga,4.0,0,13,20,0,5.00,2,0
19508,MCC - Weekenders,Tejas Patel,2.0,0,3,19,0,9.50,3,0
19508,MCC - Weekenders,Anil Kumar Chitikireddy,1.0,0,5,5,0,5.00,2,0
19508,MCC - Weekenders,Shoaib Jafri,4.0,0,13,18,2,4.50,0,0
19508,MCC - Weekenders,Hamza Shahid,4.0,0,10,36,1,9.00,0,0
19508,MCC - Weekenders,Mohammed Suhail,1.0,0,1,16,0,16.00,1,0
19508,Cricket Lovers,Pavan Rohith Midimilla,3.0,0,6,24,0,8.00,3,0
19508,Cricket Lovers,Sheshnath Yadav,3.0,0,6,36,0,12.00,2,2
19508,Cricket Lovers,Jitendra Purohit,1.0,0,2,16,0,16.00,0,1
19508,Cricket Lovers,Atul Gupta,4.0,0,19,12,4,3.00,1,0
19508,Cricket Lovers,Muhammad Ansar,2.0,0,6,15,0,7.50,3,0
19508,Cricket Lovers,Ammar Ahmed,0.4,0,2,13,0,19.50,1,0
19512,Hudson Hurricanes Sultans,Kuldeep Shukla*,4.0,0,16,19,2,4.75,4,0
19512,Hudson Hurricanes Sultans,Rohit Pradhan,3.0,0,8,12,1,4.00,1,0
19512,Hudson Hurricanes Sultans,Sravan Nekkanti,4.0,0,9,38,0,9.50,4,0
19512,Hudson Hurricanes Sultans,Ankit Singh,4.0,0,10,19,2,4.75,1,0
19512,Hudson Hurricanes Sultans,Aashish Garg,1.0,0,2,11,0,11.00,2,0
19512,Cricket Warriors,Bhadresh Patel,4.0,0,13,26,1,6.50,3,0
19512,Cricket Warriors,Aditya Rathor,4.0,0,13,26,2,6.50,2,0
19512,Cricket Warriors,Vandan Patel,3.3,0,14,21,2,6.00,0,1
19512,Cricket Warriors,Manish Makhija,4.0,0,12,27,0,6.75,2,0
19519,NJ Boxers,Kirtan Bhikadiya,2.0,0,7,12,1,6.00,3,1
19519,NJ Boxers,Ankit Arora,3.0,0,12,12,0,4.00,0,0
19519,NJ Boxers,Ali A,4.0,0,14,27,2,6.75,1,0
19519,NJ Boxers,Dharmik Patel,3.0,0,10,15,1,5.00,0,0
19519,NJ Boxers,Rajeev Mohan*,2.0,0,4,20,0,10.00,1,0
19519,NJ Boxers,Jeet Patel,1.0,0,4,7,1,7.00,0,0
19519,NJ Boxers,Jainil Patel,1.0,0,3,9,0,9.00,3,0
19519,Newport Narcos,Shubham Bhutada,2.0,0,5,39,1,19.50,4,1
19519,Newport Narcos,Chet Kalra*,2.0,0,7,30,1,15.00,2,2
19519,Newport Narcos,Nitish Dabas,2.0,0,6,20,0,10.00,0,0
19519,Newport Narcos,Kush Singh,1.0,0,1,17,0,17.00,0,1
19519,Newport Narcos,Sachin Jain,0.2,0,1,4,0,12.00,0,0
19522,Edison Warriors,Jay Khamar,4.0,1,18,8,2,2.00,1,0
19522,Edison Warriors,Varun Shah*,4.0,0,12,15,2,3.75,2,0
19522,Edison Warriors,Khush (khushal) Khamar,4.0,0,14,11,2,2.75,0,0
19522,Edison Warriors,Nitin V. Malde,1.0,0,3,7,0,7.00,2,1
19522,Edison Warriors,Harsh Shah,3.0,0,9,21,1,7.00,1,0
19522,PCA Jr.,Sahil Patel,2.0,0,7,15,0,7.50,2,0
19522,PCA Jr.,Priten Patel (gcc),3.0,0,11,27,1,9.00,7,1
19522,PCA Jr.,Samir Patel*,3.1,0,14,10,2,3.16,0,0
19522,PCA Jr.,Hardik Vyas (gcc),2.0,0,7,9,0,4.50,1,0
19522,PCA Jr.,Sapan Parikh,1.0,0,4,5,0,5.00,0,0