season,batter,league_matches,league_runs,normalised_runs,actual_rank,norm_rank,avg_pos,made_playoffs,missing_matches,ci_lower,ci_upper
2016,Narayan Jagadeesan,7,338,338.0,1.0,2.0,1.0,1,0,338.0,338.0
2016,Kaushik Mohan Gandhi,7,298,298.0,2.0,3.0,1.1,1,0,298.0,298.0
2016,Baba Aparajith,5,293,410.2,3.0,1.0,3.0,0,2,267.4,553.0
2016,Hari Gopinath,7,229,229.0,4.0,4.0,1.0,1,0,229.0,229.0
2016,Xavier Thalaivan Sargunam,7,225,225.0,5.0,5.0,2.0,1,0,225.0,225.0
2016,Poovathinga Shijit Chandran,7,207,207.0,6.0,6.0,3.1,0,0,207.0,207.0
2016,Rajhamany Srinivasan,7,188,188.0,7.0,7.0,3.8,0,0,188.0,188.0
2016,R Nilesh Subramanian,7,185,185.0,8.0,8.0,2.0,0,0,185.0,185.0
2016,Ganga Sridhar Raju,7,183,183.0,9.0,9.0,2.3,1,0,183.0,183.0
2016,Sathiamoorty Vasanth Saravanan,7,182,182.0,10.0,10.0,3.4,1,0,182.0,182.0
2017,Washington Sundar,7,372,372.0,1.0,1.0,1.0,1,0,372.0,372.0
2017,Baba Aparajith,7,277,277.0,2.0,3.0,3.4,0,0,277.0,277.0
2017,Kumaran Bharath Shankar,7,265,265.0,3.0,4.0,1.0,0,0,265.0,265.0
2017,Kaushik Mohan Gandhi,7,264,264.0,4.0,5.0,2.0,1,0,264.0,264.0
2017,Konda Bhaskir Arun Karthik,6,250,291.7,5.0,2.0,1.0,0,1,233.5,349.8
2017,Srikkanth Anirudha,5,208,208.0,6.0,6.0,1.5,1,0,208.0,208.0
2017,N Sarangarajan Chaturved,7,200,200.0,7.0,7.0,1.0,0,0,200.0,200.0
2017,Baba Indrajith,7,193,193.0,8.0,8.0,2.2,0,0,193.0,193.0
2017,Hari Gopinath,6,188,188.0,9.0,9.0,1.0,1,0,188.0,188.0
2017,M Shajahan,7,184,184.0,10.0,11.0,4.9,1,0,184.0,184.0
2018,Srikkanth Anirudha,7,336,336.0,1.0,1.0,1.0,1,0,336.0,336.0
2018,Konda Bhaskir Arun Karthik,7,307,307.0,2.0,2.0,1.0,1,0,307.0,307.0
2018,Masood Shahrukh Khan,7,307,307.0,2.0,2.0,1.3,1,0,307.0,307.0
2018,Narayan Jagadeesan,7,302,302.0,4.0,4.0,1.5,1,0,302.0,302.0
2018,Kumaran Bharath Shankar,7,246,246.0,5.0,5.0,1.0,0,0,246.0,246.0
2018,Kaushik Mohan Gandhi,7,239,239.0,6.0,6.0,1.8,0,0,239.0,239.0
2018,Rajagopal Sathish,7,233,233.0,7.0,7.0,5.4,0,0,233.0,233.0
2018,Selvam Suresh Kumar,7,225,225.0,8.0,8.0,4.3,0,0,225.0,225.0
2018,S Dinesh,7,218,218.0,9.0,9.0,1.5,0,0,218.0,218.0
2018,Subramanian Anand,7,197,197.0,10.0,10.0,3.1,0,0,197.0,197.0
2019,Narayan Jagadeesan,7,361,361.0,1.0,2.0,2.0,1,0,361.0,361.0
2019,Murali Vijay,4,359,628.2,2.0,1.0,2.0,0,3,587.8,668.7
2019,Konda Bhaskir Arun Karthik,7,281,281.0,3.0,3.0,1.0,1,0,281.0,281.0
2019,Hari Gopinath,7,277,277.0,4.0,4.0,2.2,1,0,277.0,277.0
2019,Akshay V Srinivasan,7,246,246.0,5.0,5.0,1.5,0,0,246.0,246.0
2019,Chezhian Nishaanth,7,238,238.0,6.0,6.0,1.0,1,0,238.0,238.0
2019,Baba Aparajith,7,229,229.0,7.0,7.0,3.5,1,0,229.0,229.0
2019,Srikkanth Anirudha,7,210,210.0,8.0,8.0,1.5,0,0,210.0,210.0
2019,V Subramania Siva,7,201,201.0,9.0,9.0,3.6,0,0,201.0,201.0
2019,Abhinav Mukund,7,200,200.0,10.0,10.0,2.2,0,0,200.0,200.0
2021,Bhardwaj Sai Sudharsan,7,301,301.0,1.0,1.0,3.2,1,0,301.0,301.0
2021,Ganga Sridhar Raju,7,280,280.0,2.0,2.0,1.0,1,0,280.0,280.0
2021,Chezhian Nishaanth,7,253,253.0,3.0,3.0,1.6,1,0,253.0,253.0
2021,N Sarangarajan Chaturved,7,228,228.0,4.0,4.0,3.6,0,0,228.0,228.0
2021,Nidhish S Rajagopal,7,225,225.0,5.0,5.0,3.1,1,0,225.0,225.0
2021,Narayan Jagadeesan,6,211,211.0,6.0,8.0,2.0,1,0,211.0,211.0
2021,Balchander Anirudh,6,186,217.0,7.0,6.0,3.0,0,1,177.3,256.7
2021,K Mani Bharathi,7,186,186.0,7.0,10.0,4.0,1,0,186.0,186.0
2021,Masood Shahrukh Khan,6,182,182.0,9.0,11.0,5.2,1,0,182.0,182.0
2021,Baba Aparajith,6,181,211.2,10.0,7.0,1.1,0,1,172.7,249.7
2021,Rajendran Vivek,7,181,181.0,10.0,12.0,4.8,1,0,181.0,181.0
2022,Ramsingh  Sanjay Yadav,7,376,376.0,1.0,2.0,4.2,1,0,376.0,376.0
2022,Jayaraman Suresh Kumar,7,352,352.0,2.0,3.0,2.0,1,0,352.0,352.0
2022,Baba Aparajith,7,319,319.0,3.0,4.0,3.0,1,0,319.0,319.0
2022,Konda Bhaskir Arun Karthik,7,246,246.0,4.0,5.0,1.7,1,0,246.0,246.0
2022,Murali Vijay,4,224,392.0,5.0,1.0,2.0,0,3,227.6,556.4
2022,Bhardwaj Sai Sudharsan,7,218,218.0,6.0,7.0,3.0,1,0,218.0,218.0
2022,Uthirasamy Sasidev,7,200,200.0,7.0,8.0,4.8,1,0,200.0,200.0
2022,K Vishal Vaidhya,6,196,228.7,8.0,6.0,1.4,0,1,164.6,292.7
2022,Laxmesha Suryaprakash,6,188,188.0,9.0,10.0,1.5,1,0,188.0,188.0
2022,Narayan Jagadeesan,7,186,186.0,10.0,11.0,2.0,1,0,186.0,186.0
2023,Bhardwaj Sai Sudharsan,6,371,432.8,1.0,1.0,3.0,0,1,369.2,496.5
2023,Baba Aparajith,7,283,283.0,2.0,2.0,3.3,0,0,283.0,283.0
2023,Guruswamy Ajitesh,7,261,261.0,3.0,3.0,3.7,1,0,261.0,261.0
2023,Jayaraman Suresh Kumar,7,197,197.0,4.0,7.0,2.0,1,0,197.0,197.0
2023,Tushar Raheja,7,195,195.0,5.0,8.0,1.8,0,0,195.0,195.0
2023,Baba Indrajith,6,193,193.0,6.0,9.0,2.8,1,0,193.0,193.0
2023,Konda Bhaskir Arun Karthik,7,192,192.0,7.0,10.0,1.2,1,0,192.0,192.0
2023,Sunny Sandhu,5,182,254.8,8.0,4.0,5.2,0,2,195.9,313.7
2023,Adithya Ganesh,7,177,177.0,9.0,11.0,3.9,1,0,177.0,177.0
2023,Chezhian Nishaanth,7,168,168.0,10.0,12.0,2.1,1,0,168.0,168.0
2024,Shivam Singh,7,296,296.0,1.0,1.0,1.7,1,0,296.0,296.0
2024,Tushar Raheja,7,261,261.0,2.0,2.0,2.0,1,0,261.0,261.0
2024,Konda Bhaskir Arun Karthik,7,260,260.0,3.0,3.0,1.0,0,0,260.0,260.0
2024,Baba Indrajith,7,246,246.0,4.0,4.0,3.4,1,0,246.0,246.0
2024,Ramsingh  Sanjay Yadav,7,226,226.0,5.0,6.0,5.4,0,0,226.0,226.0
2024,Masood Shahrukh Khan,6,222,222.0,6.0,8.0,5.2,1,0,222.0,222.0
2024,Narayan Jagadeesan,7,220,220.0,7.0,9.0,2.0,1,0,220.0,220.0
2024,Waseem Ahmed,7,217,217.0,8.0,10.0,1.5,0,0,217.0,217.0
2024,Pradosh Ranjan Paul,5,203,203.0,9.0,13.0,4.1,1,0,203.0,203.0
2024,Suresh Lokeshwar,6,196,228.7,10.0,5.0,1.3,0,1,169.8,287.5
2025,Tushar Raheja,7,383,383.0,1.0,1.0,2.0,1,0,383.0,383.0
2025,Baba Aparajith,7,315,315.0,2.0,2.0,3.1,1,0,315.0,315.0
2025,Shivam Singh,7,284,284.0,3.0,3.0,2.0,1,0,284.0,284.0
2025,Balasubramaniam Sachin,7,254,254.0,4.0,4.0,3.0,0,0,254.0,254.0
2025,Nidhish S Rajagopal,7,252,252.0,5.0,5.0,3.5,0,0,252.0,252.0
2025,Vijay Shankar,7,237,237.0,6.0,6.0,4.1,1,0,237.0,237.0
2025,Masood Shahrukh Khan,7,218,218.0,7.0,7.0,5.0,0,0,218.0,218.0
2025,VP Amit Sathvik,7,218,218.0,7.0,7.0,1.0,1,0,218.0,218.0
2025,Atheeq Ur Rahman,7,202,202.0,9.0,9.0,4.5,0,0,202.0,202.0
2025,R Rajkumar,7,200,200.0,10.0,10.0,6.8,1,0,200.0,200.0
