season,batter,balls_faced,runs,avg_pos,matches,made_playoffs,position_group
2016,Abhinav Mukund,181,252,2.3977900552486187,5,1,Top Order (3)
2016,Abhishek Baljeetsingh Tanwar,44,39,5.75,5,0,Finisher (6+)
2016,Adithya Ganesh,37,40,6.918918918918919,4,0,Finisher (6+)
2016,Akash Sumra,36,36,6.944444444444445,5,1,Finisher (6+)
2016,Akkil Srinaath,48,72,6.208333333333333,4,0,Finisher (6+)
2016,Akshay V Srinivasan,37,38,4.297297297297297,5,1,Middle Order (4-5)
2016,Alagh Chelliah Prathiban,37,35,7.108108108108108,4,0,Finisher (6+)
2016,Antony Chandrasekaran Aswin Crist,22,15,8.272727272727273,4,1,Finisher (6+)
2016,Ashwin Venkataraman,45,52,4.466666666666667,4,1,Middle Order (4-5)
2016,Baba Aparajith,167,293,3.0119760479041915,5,0,Middle Order (4-5)
2016,Baba Indrajith,121,113,3.975206611570248,7,0,Middle Order (4-5)
2016,Chandrasekar Ganapathy,34,46,6.4411764705882355,5,0,Finisher (6+)
2016,Chezhian Nishaanth,98,101,1.0,6,0,Opener (1-2)
2016,Edward Kennedy,10,6,10.4,4,0,Finisher (6+)
2016,Ganapathi Vignesh,46,40,2.0,4,0,Opener (1-2)
2016,Ganga Sridhar Raju,164,183,2.317073170731707,8,1,Top Order (3)
2016,Hari Gopinath,213,273,1.0234741784037558,9,1,Opener (1-2)
2016,Jagatheesan Kousik,105,124,6.114285714285714,6,0,Finisher (6+)
2016,Jamaluddin Syed Mohammad,99,90,3.8181818181818183,7,1,Middle Order (4-5)
2016,Jothimani Gowjith Subhash,59,61,4.8474576271186445,7,1,Middle Order (4-5)
2016,K Vishal Vaidhya,53,34,4.0,4,0,Middle Order (4-5)
2016,Kaushik Mohan Gandhi,260,366,1.0807692307692307,9,1,Opener (1-2)
2016,Konda Bhaskir Arun Karthik,94,143,2.0106382978723403,6,0,Top Order (3)
2016,Kumaran Bharath Shankar,92,102,1.0,7,0,Opener (1-2)
2016,L Ganesh,23,21,5.086956521739131,4,0,Finisher (6+)
2016,Lakshminarayanan Vignesh,27,41,7.666666666666667,4,0,Finisher (6+)
2016,Laxmesha Suryaprakash,178,196,1.0,8,1,Opener (1-2)
2016,M Lakshmi Narayanan,42,43,5.904761904761905,5,0,Finisher (6+)
2016,M Mohammed,49,105,6.714285714285714,7,1,Finisher (6+)
2016,M Raja,24,19,8.291666666666666,6,0,Finisher (6+)
2016,M Suresh Babu,26,18,8.423076923076923,5,0,Finisher (6+)
2016,M Vijay Kumar,114,150,1.5175438596491229,7,0,Opener (1-2)
2016,Maan K Bafna,44,44,5.75,4,0,Finisher (6+)
2016,Malolan Rangarajan,84,107,5.904761904761905,7,0,Finisher (6+)
2016,Masood Shahrukh Khan,62,72,4.129032258064516,6,0,Middle Order (4-5)
2016,Moovervnthali Kasipandian Sivakumar,21,13,7.428571428571429,5,1,Finisher (6+)
2016,Murthy Prabhu,26,26,8.76923076923077,4,0,Finisher (6+)
2016,Murugan Ashwin,80,105,4.5,6,1,Middle Order (4-5)
2016,N Sarangarajan Chaturved,154,158,2.642857142857143,7,0,Top Order (3)
2016,Narayan Jagadeesan,329,397,1.0,8,1,Opener (1-2)
2016,P Francis Rokins,68,74,6.25,6,0,Finisher (6+)
2016,Pitchaiayan Sakthi,41,45,6.317073170731708,4,0,Finisher (6+)
2016,Poovathinga Shijit Chandran,182,207,3.1043956043956045,7,0,Middle Order (4-5)
2016,R Kavin,52,44,3.6346153846153846,6,0,Middle Order (4-5)
2016,R Nilesh Subramanian,174,185,2.0,7,0,Opener (1-2)
2016,R Rajkumar,54,101,5.925925925925926,7,0,Finisher (6+)
2016,Rahil S Shah,17,14,10.352941176470589,4,0,Finisher (6+)
2016,Rajagopal Sathish,81,139,4.839506172839506,9,1,Middle Order (4-5)
2016,Rajamani Jesuraj,10,10,10.0,4,0,Finisher (6+)
2016,Rajendran Vivek,25,42,5.88,5,0,Finisher (6+)
2016,Rajhamany Srinivasan,166,188,3.7590361445783134,7,0,Middle Order (4-5)
2016,Ramalingam Rohit,40,71,8.725,5,0,Finisher (6+)
2016,Ramsingh  Sanjay Yadav,97,136,4.824742268041237,6,0,Middle Order (4-5)
2016,Ravi Kumar Rohith,54,75,3.611111111111111,6,1,Middle Order (4-5)
2016,S Harish Kumar,88,116,4.261363636363637,7,1,Middle Order (4-5)
2016,S Tarun Srinivas,94,96,2.595744680851064,6,1,Top Order (3)
2016,SP Nathan,70,84,3.7857142857142856,6,1,Middle Order (4-5)
2016,Sathiamoorty Vasanth Saravanan,220,264,3.463636363636364,9,1,Middle Order (4-5)
2016,Selvam Suresh Kumar,109,113,4.385321100917431,7,0,Middle Order (4-5)
2016,Shoaib Md Khan,32,33,8.0,4,0,Finisher (6+)
2016,Singamuthu Thiyagarajan,57,91,3.4210526315789473,5,0,Middle Order (4-5)
2016,Srikkanth Anirudha,97,115,3.9896907216494846,7,0,Middle Order (4-5)
2016,Subramaniam Badrinath,171,168,3.087719298245614,7,0,Middle Order (4-5)
2016,Subramanian Anand,65,62,4.6461538461538465,7,1,Middle Order (4-5)
2016,Umashankar Sushil,99,85,4.202020202020202,7,0,Middle Order (4-5)
2016,Uthirasamy Sasidev,53,71,5.509433962264151,6,1,Finisher (6+)
2016,V Subramania Siva,51,69,3.6666666666666665,7,1,Middle Order (4-5)
2016,Vijaykumar Yo Mahesh,62,54,4.661290322580645,6,1,Middle Order (4-5)
2016,Washington Sundar,146,140,2.0273972602739727,7,1,Top Order (3)
2016,Wenseslaus Antony Dhas,70,77,7.485714285714286,7,1,Finisher (6+)
2016,Wilkins Joseph Victor,57,61,4.385964912280702,5,1,Middle Order (4-5)
2016,Xavier Thalaivan Sargunam,187,226,2.0267379679144386,9,1,Top Order (3)
2016,Yamuna Sunny Kumar Singh,37,53,5.918918918918919,5,1,Finisher (6+)
2017,Abhishek Baljeetsingh Tanwar,45,84,6.133333333333334,4,0,Finisher (6+)
2017,Adithya Ganesh,40,41,6.125,4,0,Finisher (6+)
2017,Akash Sumra,47,57,6.23404255319149,5,1,Finisher (6+)
2017,Akkil Srinaath,80,102,4.4125,7,0,Middle Order (4-5)
2017,Akshay V Srinivasan,91,125,4.131868131868132,5,1,Middle Order (4-5)
2017,Ashwin Venkataraman,92,96,4.521739130434782,5,0,Middle Order (4-5)
2017,Baba Aparajith,184,277,3.347826086956522,7,0,Middle Order (4-5)
2017,Baba Indrajith,144,193,2.1666666666666665,7,0,Top Order (3)
2017,Chandrasekar Ganapathy,65,98,5.769230769230769,6,0,Finisher (6+)
2017,Chezhian Nishaanth,48,65,3.8958333333333335,4,0,Middle Order (4-5)
2017,Ganga Sridhar Raju,150,158,1.9666666666666666,6,0,Opener (1-2)
2017,Hari Gopinath,205,251,1.0,9,1,Opener (1-2)
2017,Jagannathan Kaushik,20,19,8.9,4,0,Finisher (6+)
2017,Jagatheesan Kousik,95,104,4.28421052631579,6,0,Middle Order (4-5)
2017,K Vishal Vaidhya,141,184,1.3971631205673758,7,1,Opener (1-2)
2017,Kaushik Mohan Gandhi,237,297,2.0,9,1,Opener (1-2)
2017,Konda Bhaskir Arun Karthik,137,250,1.0,6,0,Opener (1-2)
2017,Krishnakumar Dinesh Karthik,67,100,3.2388059701492535,5,1,Middle Order (4-5)
2017,Kumaran Bharath Shankar,211,265,1.0,7,0,Opener (1-2)
2017,Lakshminarayanan Vignesh,47,74,7.148936170212766,4,0,Finisher (6+)
2017,Laxmesha Suryaprakash,141,153,1.3049645390070923,7,1,Opener (1-2)
2017,M Mohammed,53,70,5.566037735849057,4,1,Finisher (6+)
2017,M Shajahan,144,209,4.75,8,1,Middle Order (4-5)
2017,Malolan Rangarajan,69,86,4.9855072463768115,7,0,Middle Order (4-5)
2017,Masood Shahrukh Khan,60,60,3.9166666666666665,6,0,Middle Order (4-5)
2017,Murali Vijay,95,127,1.2210526315789474,4,1,Opener (1-2)
2017,Murthy Prabhu,29,32,8.172413793103448,5,0,Finisher (6+)
2017,N Sarangarajan Chaturved,150,200,1.02,7,0,Opener (1-2)
2017,Narayan Jagadeesan,101,111,2.00990099009901,5,0,Top Order (3)
2017,Poovathinga Shijit Chandran,108,126,2.074074074074074,6,0,Top Order (3)
2017,R Nilesh Subramanian,133,151,3.300751879699248,6,0,Middle Order (4-5)
2017,R Rajkumar,28,20,6.25,6,0,Finisher (6+)
2017,Rajagopal Sathish,71,70,5.845070422535211,8,1,Finisher (6+)
2017,Rajendran Vivek,70,124,6.728571428571429,5,0,Finisher (6+)
2017,Rajhamany Srinivasan,60,47,3.933333333333333,6,0,Middle Order (4-5)
2017,Ramsingh  Sanjay Yadav,85,95,3.0352941176470587,7,0,Middle Order (4-5)
2017,Ravi Karthikeyan,25,20,4.32,4,0,Middle Order (4-5)
2017,Ravi Kumar Rohith,123,186,3.3902439024390243,6,1,Middle Order (4-5)
2017,S Harish Kumar,46,84,5.6521739130434785,6,1,Finisher (6+)
2017,S Karthik,174,196,3.8045977011494254,8,1,Middle Order (4-5)
2017,S Siddharth,119,153,2.1596638655462184,7,0,Top Order (3)
2017,SP Nathan,99,149,4.141414141414141,6,1,Middle Order (4-5)
2017,Sathiamoorty Vasanth Saravanan,76,94,4.776315789473684,8,1,Middle Order (4-5)
2017,Selvam Suresh Kumar,77,84,4.636363636363637,5,0,Middle Order (4-5)
2017,Srikkanth Anirudha,194,287,1.5824742268041236,6,1,Opener (1-2)
2017,Subramaniam Badrinath,128,154,3.21875,8,1,Middle Order (4-5)
2017,Subramanian Anand,84,107,5.011904761904762,7,1,Finisher (6+)
2017,Uthirasamy Sasidev,119,158,4.53781512605042,8,1,Middle Order (4-5)
2017,V Subramania Siva,79,126,1.4177215189873418,6,0,Opener (1-2)
2017,Washington Sundar,297,459,1.0,9,1,Opener (1-2)
2017,Wenseslaus Antony Dhas,106,177,4.566037735849057,6,1,Middle Order (4-5)
2017,Wilkins Joseph Victor,75,71,5.226666666666667,5,0,Finisher (6+)
2017,Xavier Thalaivan Sargunam,234,229,2.128205128205128,10,1,Top Order (3)
2017,Yamuna Sunny Kumar Singh,18,10,7.555555555555555,5,0,Finisher (6+)
2018, Sriram Ajith Ram,18,32,8.777777777777779,4,1,Finisher (6+)
2018,Abhinav Mukund,244,256,1.6762295081967213,9,1,Opener (1-2)
2018,Abhishek Baljeetsingh Tanwar,75,88,6.426666666666667,8,1,Finisher (6+)
2018,Akash Sumra,21,13,5.857142857142857,4,0,Finisher (6+)
2018,Akkil Srinaath,79,101,5.0886075949367084,6,1,Finisher (6+)
2018,Ashwin Venkataraman,177,180,4.163841807909605,8,1,Middle Order (4-5)
2018,Baba Aparajith,129,129,3.2325581395348837,7,0,Middle Order (4-5)
2018,Baba Indrajith,147,166,2.496598639455782,7,0,Top Order (3)
2018,Balchander Anirudh,106,145,3.4622641509433962,7,1,Middle Order (4-5)
2018,Baskaran Rahul,83,92,5.108433734939759,5,0,Finisher (6+)
2018,Chandrasekar Ganapathy,39,63,5.076923076923077,6,0,Finisher (6+)
2018,Chezhian Nishaanth,166,250,1.4156626506024097,9,1,Opener (1-2)
2018,Ganga Sridhar Raju,74,67,2.175675675675676,6,0,Top Order (3)
2018,Hari Gopinath,144,176,2.7083333333333335,7,0,Top Order (3)
2018,Jagatheesan Kousik,114,167,4.728070175438597,8,1,Middle Order (4-5)
2018,K Mani Bharathi,105,100,3.7714285714285714,6,0,Middle Order (4-5)
2018,K Vishal Vaidhya,120,135,1.0833333333333333,6,0,Opener (1-2)
2018,Kaushik Mohan Gandhi,161,239,1.7826086956521738,7,0,Opener (1-2)
2018,Konda Bhaskir Arun Karthik,307,472,1.0,10,1,Opener (1-2)
2018,Kumaran Bharath Shankar,173,246,1.0,7,0,Opener (1-2)
2018,M Ganesh Moorthi,7,2,8.285714285714286,4,0,Finisher (6+)
2018,M Mohammed,56,79,6.75,5,1,Finisher (6+)
2018,M Prasanth Rajesh,75,92,6.8533333333333335,6,1,Finisher (6+)
2018,M Shajahan,84,118,4.785714285714286,7,1,Middle Order (4-5)
2018,Maan K Bafna,155,190,2.3741935483870966,8,1,Top Order (3)
2018,Malolan Rangarajan,44,52,6.795454545454546,5,0,Finisher (6+)
2018,Masood Shahrukh Khan,230,325,1.2608695652173914,9,1,Opener (1-2)
2018,Mohan Abhinav,26,30,6.6923076923076925,6,1,Finisher (6+)
2018,Murugan Ashwin,133,163,5.706766917293233,7,0,Finisher (6+)
2018,N Sarangarajan Chaturved,86,151,3.63953488372093,7,1,Middle Order (4-5)
2018,Narayan Jagadeesan,303,396,1.5940594059405941,9,1,Opener (1-2)
2018,P Francis Rokins,90,130,5.344444444444444,5,0,Finisher (6+)
2018,Poovathinga Shijit Chandran,183,213,3.6830601092896176,10,1,Middle Order (4-5)
2018,R Kavin,25,17,5.28,5,1,Finisher (6+)
2018,R Nilesh Subramanian,50,39,3.2,5,1,Middle Order (4-5)
2018,R Rajkumar,74,102,4.256756756756757,7,1,Middle Order (4-5)
2018,RS Mokit Hariharan,66,59,4.681818181818182,4,0,Middle Order (4-5)
2018,Rajagopal Sathish,128,233,5.3515625,7,0,Finisher (6+)
2018,Rajendran Vivek,125,262,3.856,7,1,Middle Order (4-5)
2018,Rajhamany Srinivasan,112,129,3.2857142857142856,8,1,Middle Order (4-5)
2018,Ramsingh  Sanjay Yadav,59,85,6.271186440677966,5,0,Finisher (6+)
2018,Ravi Karthikeyan,47,49,4.042553191489362,5,1,Middle Order (4-5)
2018,Ravi Kumar Rohith,105,113,3.876190476190476,8,1,Middle Order (4-5)
2018,S Aravind,32,22,3.375,4,0,Middle Order (4-5)
2018,S Dinesh,153,218,1.4640522875816993,7,0,Opener (1-2)
2018,S Harish Kumar,32,50,5.75,5,0,Finisher (6+)
2018,S Karthik,126,174,1.7380952380952381,7,0,Opener (1-2)
2018,S Siddharth,24,26,1.2083333333333333,4,0,Opener (1-2)
2018,Selvam Suresh Kumar,171,225,4.280701754385965,7,0,Middle Order (4-5)
2018,Srikkanth Anirudha,225,347,1.0,8,1,Opener (1-2)
2018,Subramanian Anand,164,197,3.0792682926829267,7,0,Middle Order (4-5)
2018,Sunil Sam,22,47,8.454545454545455,4,0,Finisher (6+)
2018,Uthirasamy Sasidev,95,100,4.568421052631579,7,0,Middle Order (4-5)
2018,V Subramania Siva,52,59,5.115384615384615,4,0,Finisher (6+)
2018,Varun Chakravarthy Vinod,33,36,8.545454545454545,4,1,Finisher (6+)
2018,Vijaykumar Yo Mahesh,26,19,6.538461538461538,4,1,Finisher (6+)
2018,Wenseslaus Antony Dhas,80,86,3.75,8,1,Middle Order (4-5)
2018,Xavier Thalaivan Sargunam,145,191,2.1448275862068966,9,1,Top Order (3)
2018,Yamuna Sunny Kumar Singh,30,18,5.9,4,0,Finisher (6+)
2019, Sriram Ajith Ram,12,4,8.083333333333334,4,0,Finisher (6+)
2019,A Aarif,26,23,4.8076923076923075,4,0,Middle Order (4-5)
2019,A Sarath Raj,128,163,1.8203125,9,1,Opener (1-2)
2019,Abhinav Mukund,172,200,2.2209302325581395,7,0,Top Order (3)
2019,Abhishek Baljeetsingh Tanwar,76,83,6.776315789473684,8,1,Finisher (6+)
2019,Aditya Diganta Barooah,73,72,2.5753424657534247,4,0,Top Order (3)
2019,Akkil Srinaath,88,119,5.159090909090909,6,0,Finisher (6+)
2019,Akshay V Srinivasan,204,246,1.4803921568627452,7,0,Opener (1-2)
2019,Baba Aparajith,213,242,3.507042253521127,8,1,Middle Order (4-5)
2019,Chandrasekar Ganapathy,58,44,4.413793103448276,5,0,Middle Order (4-5)
2019,Chezhian Nishaanth,269,322,1.0,10,1,Opener (1-2)
2019,Ganga Sridhar Raju,190,229,1.1473684210526316,9,1,Opener (1-2)
2019,Hari Gopinath,196,293,2.1479591836734695,9,1,Top Order (3)
2019,Jagatheesan Kousik,159,195,4.616352201257862,8,1,Middle Order (4-5)
2019,K Mani Bharathi,59,96,5.440677966101695,7,0,Finisher (6+)
2019,K Vishal Vaidhya,105,116,1.0,8,1,Opener (1-2)
2019,Karunakaran Mukunth,125,115,1.328,5,0,Opener (1-2)
2019,Kaushik Mohan Gandhi,132,131,2.909090909090909,8,1,Top Order (3)
2019,Konda Bhaskir Arun Karthik,239,356,1.0334728033472804,9,1,Opener (1-2)
2019,Krishnamoorthy Vignesh,15,32,8.733333333333333,4,0,Finisher (6+)
2019,L Kiran Akash,28,38,9.5,5,1,Finisher (6+)
2019,Laxmesha Suryaprakash,92,77,1.608695652173913,5,0,Opener (1-2)
2019,M Ganesh Moorthi,60,77,8.233333333333333,5,0,Finisher (6+)
2019,M Mohammed,61,101,7.131147540983607,7,1,Finisher (6+)
2019,M Shajahan,93,103,5.688172043010753,6,0,Finisher (6+)
2019,Maan K Bafna,69,65,3.9130434782608696,7,0,Middle Order (4-5)
2019,Malolan Rangarajan,36,48,4.583333333333333,5,0,Middle Order (4-5)
2019,Manimaran Siddharth,35,20,7.771428571428571,4,0,Finisher (6+)
2019,Masood Shahrukh Khan,140,194,1.0,7,0,Opener (1-2)
2019,Mohan Abhinav,50,37,6.0,4,1,Finisher (6+)
2019,Murali Vijay,241,359,2.0,4,0,Opener (1-2)
2019,Murugan Ashwin,99,88,5.8686868686868685,7,1,Finisher (6+)
2019,N Sarangarajan Chaturved,78,94,3.8974358974358974,7,1,Middle Order (4-5)
2019,Narayan Jagadeesan,326,448,2.0,10,1,Opener (1-2)
2019,Nidhish S Rajagopal,69,68,3.782608695652174,5,0,Middle Order (4-5)
2019,P Francis Rokins,32,33,5.875,4,1,Finisher (6+)
2019,P Saravana Kumar,27,25,7.703703703703703,4,0,Finisher (6+)
2019,Poovathinga Shijit Chandran,150,150,3.42,7,1,Middle Order (4-5)
2019,Pradosh Ranjan Paul,99,113,3.8282828282828283,5,0,Middle Order (4-5)
2019,R Mithun,58,61,7.724137931034483,7,1,Finisher (6+)
2019,R Nilesh Subramanian,63,71,4.26984126984127,6,1,Middle Order (4-5)
2019,R Rajkumar,60,64,6.4,6,0,Finisher (6+)
2019,RD Ashwin Kumar,18,33,7.277777777777778,4,0,Finisher (6+)
2019,Rajagopal Sathish,97,178,5.546391752577319,7,1,Finisher (6+)
2019,Rajendran Vivek,79,121,4.8354430379746836,9,1,Middle Order (4-5)
2019,Rajhamany Srinivasan,89,83,3.0224719101123596,6,0,Middle Order (4-5)
2019,Ramalingam Rohit,26,21,8.23076923076923,6,1,Finisher (6+)
2019,Ramsingh  Sanjay Yadav,177,241,3.621468926553672,7,1,Middle Order (4-5)
2019,Ravichandran Ashwin,96,136,3.7916666666666665,6,1,Middle Order (4-5)
2019,Ravisrinivasan Sai Kishore,35,36,7.171428571428572,4,0,Finisher (6+)
2019,S Abishiek,55,42,4.327272727272727,6,0,Middle Order (4-5)
2019,S Aravind,34,43,1.1764705882352942,4,0,Opener (1-2)
2019,S Harish Kumar,93,150,6.010752688172043,9,1,Finisher (6+)
2019,S Senthil Nathan,34,43,5.970588235294118,4,0,Finisher (6+)
2019,SP Nathan,71,73,7.676056338028169,4,0,Finisher (6+)
2019,Sathiamoorty Vasanth Saravanan,57,65,5.912280701754386,6,0,Finisher (6+)
2019,Srikkanth Anirudha,149,210,1.5100671140939597,7,0,Opener (1-2)
2019,Sumant Jain,103,113,4.553398058252427,9,1,Middle Order (4-5)
2019,Suresh Lokeshwar,169,188,3.603550295857988,6,1,Middle Order (4-5)
2019,Uthirasamy Sasidev,188,221,5.031914893617022,8,1,Finisher (6+)
2019,V Subramania Siva,136,201,3.6029411764705883,7,0,Middle Order (4-5)
2019,Vijaykumar Yo Mahesh,35,29,5.914285714285715,4,0,Finisher (6+)
2019,Wenseslaus Antony Dhas,80,119,4.9375,6,0,Middle Order (4-5)
2021,Abhishek Baljeetsingh Tanwar,50,88,6.94,6,1,Finisher (6+)
2021,Adithya Ganesh,231,249,4.58008658008658,9,1,Middle Order (4-5)
2021,Akshay V Srinivasan,64,58,1.984375,6,0,Opener (1-2)
2021,Antony Chandrasekaran Aswin Crist,58,48,7.551724137931035,4,0,Finisher (6+)
2021,Arjun P Murthy,27,45,5.555555555555555,4,0,Finisher (6+)
2021,Ashwin Venkataraman,67,53,4.119402985074627,4,1,Middle Order (4-5)
2021,Baba Aparajith,173,181,1.1040462427745665,6,0,Opener (1-2)
2021,Baba Indrajith,94,123,5.48936170212766,5,0,Finisher (6+)
2021,Balchander Anirudh,175,186,3.0114285714285716,6,0,Middle Order (4-5)
2021,Bhardwaj Sai Sudharsan,249,358,3.144578313253012,8,1,Middle Order (4-5)
2021,Chezhian Nishaanth,279,368,1.7491039426523298,9,1,Opener (1-2)
2021,Daryl Sunder Ferrario,106,124,5.0,5,0,Middle Order (4-5)
2021,Ganga Sridhar Raju,209,285,1.0,8,1,Opener (1-2)
2021,Jagatheesan Kousik,126,165,4.849206349206349,7,0,Middle Order (4-5)
2021,Jayaraman Suresh Kumar,99,117,2.0,5,1,Opener (1-2)
2021,K Mani Bharathi,136,187,3.9411764705882355,9,1,Middle Order (4-5)
2021,Kaushik Mohan Gandhi,172,208,1.0,9,1,Opener (1-2)
2021,Konda Bhaskir Arun Karthik,95,108,1.8,7,0,Opener (1-2)
2021,Laxmesha Suryaprakash,112,122,2.0,6,0,Opener (1-2)
2021,M Mohammed,111,96,6.927927927927928,7,0,Finisher (6+)
2021,M Shajahan,50,43,5.46,4,0,Finisher (6+)
2021,Maan K Bafna,165,180,4.0,7,0,Middle Order (4-5)
2021,Masood Shahrukh Khan,118,210,5.372881355932203,7,1,Finisher (6+)
2021,Muhammed Adnan Khan,99,107,4.454545454545454,7,1,Middle Order (4-5)
2021,Murugan Ashwin,103,117,6.660194174757281,6,0,Finisher (6+)
2021,N Sarangarajan Chaturved,163,228,3.5950920245398774,7,0,Middle Order (4-5)
2021,Narayan Jagadeesan,268,336,2.0,9,1,Opener (1-2)
2021,Nidhish S Rajagopal,253,306,3.0869565217391304,9,1,Middle Order (4-5)
2021,P Francis Rokins,126,129,4.888888888888889,7,0,Middle Order (4-5)
2021,P Saravana Kumar,46,82,7.065217391304348,5,1,Finisher (6+)
2021,Pradosh Ranjan Paul,136,132,3.0294117647058822,6,0,Middle Order (4-5)
2021,R Rajkumar,62,73,7.290322580645161,7,0,Finisher (6+)
2021,RS Jaganath Sinivas,45,50,5.177777777777778,5,0,Finisher (6+)
2021,RS Mokit Hariharan,106,117,4.867924528301887,9,1,Middle Order (4-5)
2021,Rajagopal Sathish,97,141,5.525773195876289,8,1,Finisher (6+)
2021,Rajendran Vivek,152,240,4.894736842105263,9,1,Middle Order (4-5)
2021,Rajhamany Srinivasan,117,125,3.8205128205128207,7,1,Middle Order (4-5)
2021,Ramsingh  Sanjay Yadav,83,126,4.9879518072289155,6,0,Middle Order (4-5)
2021,Ramsingh Sonu Yadav,39,42,5.6923076923076925,5,1,Finisher (6+)
2021,Ravisrinivasan Sai Kishore,50,53,5.32,4,0,Finisher (6+)
2021,S Abishiek,111,103,2.009009009009009,6,0,Top Order (3)
2021,S Aravind,42,40,4.357142857142857,5,0,Middle Order (4-5)
2021,S Arun,76,65,1.2105263157894737,5,0,Opener (1-2)
2021,S Dinesh,71,71,1.0,6,0,Opener (1-2)
2021,S Harish Kumar,49,72,6.6938775510204085,7,1,Finisher (6+)
2021,S Santosh Shiv,45,52,1.0,4,1,Opener (1-2)
2021,S Siddharth,79,90,2.0,5,0,Opener (1-2)
2021,S Sujay,36,28,4.055555555555555,4,0,Middle Order (4-5)
2021,S Swaminathan,39,42,6.6923076923076925,8,1,Finisher (6+)
2021,Sundararaman Radhakrishnan,130,156,3.0076923076923077,5,1,Middle Order (4-5)
2021,Suresh Lokeshwar,44,32,2.590909090909091,4,1,Top Order (3)
2021,Tushar Raheja,48,42,4.5,5,0,Middle Order (4-5)
2021,U Mukilesh,52,52,5.230769230769231,5,1,Finisher (6+)
2021,Umashankar Sushil,55,55,4.290909090909091,5,0,Middle Order (4-5)
2021,Uthirasamy Sasidev,150,163,4.573333333333333,9,1,Middle Order (4-5)
2021,VP Amit Sathvik,167,197,1.347305389221557,9,1,Opener (1-2)
2021,Vijay Shankar,134,160,3.4029850746268657,6,0,Middle Order (4-5)
2021,Wenseslaus Antony Dhas,88,109,5.159090909090909,7,1,Finisher (6+)
2022, Sriram Ajith Ram,13,13,9.692307692307692,4,1,Finisher (6+)
2022,Abhishek Baljeetsingh Tanwar,41,66,7.146341463414634,6,1,Finisher (6+)
2022,Adithya Ganesh,98,103,4.316326530612245,5,0,Middle Order (4-5)
2022,Andimani Ganga Pradeep,34,42,4.4411764705882355,4,0,Middle Order (4-5)
2022,Antony Chandrasekaran Aswin Crist,33,32,9.0,5,0,Finisher (6+)
2022,Baba Aparajith,274,396,3.0,9,1,Top Order (3)
2022,Baba Indrajith,81,91,4.7407407407407405,7,1,Middle Order (4-5)
2022,Balchander Anirudh,123,151,2.9186991869918697,7,1,Top Order (3)
2022,Bhardwaj Sai Sudharsan,239,336,3.0,9,1,Top Order (3)
2022,Chezhian Nishaanth,134,172,1.992537313432836,7,0,Opener (1-2)
2022,Daryl Sunder Ferrario,134,144,4.1716417910447765,7,0,Middle Order (4-5)
2022,Ganga Sridhar Raju,205,230,1.0,9,1,Opener (1-2)
2022,Guruswamy Ajitesh,53,129,5.754716981132075,5,1,Finisher (6+)
2022,Hari Gopinath,109,146,1.4036697247706422,7,0,Opener (1-2)
2022,Jafar Jamal,47,34,4.042553191489362,5,0,Middle Order (4-5)
2022,Jagatheesan Kousik,109,102,4.954128440366972,8,1,Middle Order (4-5)
2022,Jayaraman Suresh Kumar,252,398,2.0,10,1,Opener (1-2)
2022,K Mani Bharathi,134,131,3.708955223880597,7,0,Middle Order (4-5)
2022,K Rajkumar,51,56,2.9215686274509802,4,0,Top Order (3)
2022,K Vishal Vaidhya,146,196,1.4109589041095891,6,0,Opener (1-2)
2022,Karaparambil Satish Monish,37,54,6.837837837837838,4,0,Finisher (6+)
2022,Kaushik Mohan Gandhi,205,226,1.0,9,1,Opener (1-2)
2022,Konda Bhaskir Arun Karthik,230,293,1.7956521739130435,8,1,Opener (1-2)
2022,Laxmesha Suryaprakash,197,232,1.6091370558375635,8,1,Opener (1-2)
2022,M Mathivannan,27,34,8.0,4,0,Finisher (6+)
2022,M Mohammed,79,88,7.708860759493671,7,0,Finisher (6+)
2022,Maan K Bafna,170,182,4.5588235294117645,7,0,Middle Order (4-5)
2022,Manimaran Siddharth,12,6,8.416666666666666,4,0,Finisher (6+)
2022,Masood Shahrukh Khan,114,187,5.631578947368421,8,1,Finisher (6+)
2022,Murali Vijay,130,224,2.0307692307692307,4,0,Top Order (3)
2022,Murugan Ashwin,86,93,5.5813953488372094,7,0,Finisher (6+)
2022,N Sarangarajan Chaturved,132,180,4.212121212121212,8,1,Middle Order (4-5)
2022,Narayan Jagadeesan,158,188,2.0,9,1,Opener (1-2)
2022,Nidhish S Rajagopal,84,86,3.1666666666666665,7,0,Middle Order (4-5)
2022,P Francis Rokins,80,55,4.925,4,0,Middle Order (4-5)
2022,P Saravanan,15,15,7.933333333333334,4,1,Finisher (6+)
2022,Poovathinga Shijit Chandran,73,76,4.027397260273973,6,1,Middle Order (4-5)
2022,R Kavin,72,67,2.6666666666666665,5,0,Top Order (3)
2022,R Rajkumar,34,36,4.970588235294118,6,0,Middle Order (4-5)
2022,R Sri Neranjan,74,105,1.0,5,1,Opener (1-2)
2022,RS Mokit Hariharan,60,68,4.883333333333334,6,0,Middle Order (4-5)
2022,Ragupathy Silambarasan,11,10,9.090909090909092,4,0,Finisher (6+)
2022,Rajagopal Sathish,54,80,5.592592592592593,8,1,Finisher (6+)
2022,Rajendran Vivek,71,107,5.830985915492958,6,0,Finisher (6+)
2022,Ramsingh  Sanjay Yadav,242,452,4.198347107438017,9,1,Middle Order (4-5)
2022,Ramsingh Sonu Yadav,70,107,4.585714285714285,6,0,Middle Order (4-5)
2022,Ravi Karthikeyan,65,63,5.384615384615385,5,0,Finisher (6+)
2022,Ravisrinivasan Sai Kishore,89,111,4.49438202247191,5,1,Middle Order (4-5)
2022,S Abishiek,105,85,5.485714285714286,7,0,Finisher (6+)
2022,S Aravind,114,113,1.6842105263157894,6,0,Opener (1-2)
2022,S Ganesh,64,46,3.84375,4,0,Middle Order (4-5)
2022,S Harish Kumar,92,104,8.032608695652174,7,1,Finisher (6+)
2022,S Rithik Easwaran,50,59,5.08,4,1,Finisher (6+)
2022,S Santosh Shiv,108,135,2.0,5,0,Opener (1-2)
2022,Selvam Suresh Kumar,25,18,5.36,4,0,Finisher (6+)
2022,Srikkanth Anirudha,90,117,1.6333333333333333,6,0,Opener (1-2)
2022,Subramanian Anand,49,54,3.2448979591836733,4,0,Middle Order (4-5)
2022,Sundararaman Radhakrishnan,95,124,3.0526315789473686,7,1,Middle Order (4-5)
2022,Sunny Sandhu,49,72,7.408163265306122,7,1,Finisher (6+)
2022,Tushar Raheja,100,124,5.58,6,0,Finisher (6+)
2022,U Mukilesh,86,124,4.965116279069767,7,1,Middle Order (4-5)
2022,Uthirasamy Sasidev,154,204,4.798701298701299,8,1,Middle Order (4-5)
2022,V Aaditya,64,53,1.0,4,1,Opener (1-2)
2022,VP Amit Sathvik,123,135,1.016260162601626,7,0,Opener (1-2)
2023,Abhishek Baljeetsingh Tanwar,37,52,8.72972972972973,5,0,Finisher (6+)
2023,Adithya Ganesh,155,195,4.012903225806451,9,1,Middle Order (4-5)
2023,Akash Sumra,55,61,4.218181818181818,5,0,Middle Order (4-5)
2023,Atheeq Ur Rahman,74,122,5.648648648648648,5,1,Finisher (6+)
2023,Baba Aparajith,198,283,3.3181818181818183,7,0,Middle Order (4-5)
2023,Baba Indrajith,158,227,3.088607594936709,8,1,Middle Order (4-5)
2023,Balasubramaniam Sachin,136,165,2.573529411764706,6,1,Top Order (3)
2023,Balchander Anirudh,94,125,4.702127659574468,7,0,Middle Order (4-5)
2023,Bhardwaj Sai Sudharsan,215,371,3.0,6,0,Top Order (3)
2023,Boopathi Vaishna Kumar,89,109,3.191011235955056,6,1,Middle Order (4-5)
2023,C Sarath Kumar,84,137,6.416666666666667,5,1,Finisher (6+)
2023,Chezhian Nishaanth,149,172,2.140939597315436,8,1,Top Order (3)
2023,Daryl Sunder Ferrario,129,154,4.37984496124031,7,0,Middle Order (4-5)
2023,Ganga Sridhar Raju,156,157,1.0705128205128205,7,0,Opener (1-2)
2023,Guruswamy Ajitesh,236,385,3.483050847457627,10,1,Middle Order (4-5)
2023,Jafar Jamal,85,142,4.482352941176471,6,0,Middle Order (4-5)
2023,Jagatheesan Kousik,113,137,3.663716814159292,8,1,Middle Order (4-5)
2023,Jayaraman Suresh Kumar,173,280,2.0,9,1,Opener (1-2)
2023,K Deeban Lingesh,45,38,5.711111111111111,4,0,Finisher (6+)
2023,K Mani Bharathi,88,90,4.113636363636363,5,0,Middle Order (4-5)
2023,Kaushik Mohan Gandhi,114,140,3.5350877192982457,7,0,Middle Order (4-5)
2023,Konda Bhaskir Arun Karthik,159,263,1.1257861635220126,10,1,Opener (1-2)
2023,Laxmesha Suryaprakash,60,86,4.366666666666666,6,1,Middle Order (4-5)
2023,M Mohammed,11,14,7.636363636363637,5,1,Finisher (6+)
2023,M Poiyamozhi,13,27,10.153846153846153,4,1,Finisher (6+)
2023,Maan K Bafna,35,54,4.0,5,0,Middle Order (4-5)
2023,Masood Shahrukh Khan,70,133,5.728571428571429,7,1,Finisher (6+)
2023,Muhammed Adnan Khan,69,114,7.202898550724638,7,0,Finisher (6+)
2023,N Sarangarajan Chaturved,26,24,3.6923076923076925,4,0,Middle Order (4-5)
2023,Narayan Jagadeesan,120,139,2.0,6,0,Opener (1-2)
2023,Nidhish S Rajagopal,151,205,3.7549668874172184,6,1,Middle Order (4-5)
2023,P Saravanan,24,43,8.5,4,1,Finisher (6+)
2023,Pradosh Ranjan Paul,114,130,1.3157894736842106,6,0,Opener (1-2)
2023,R Rajkumar,74,90,6.905405405405405,7,0,Finisher (6+)
2023,R Ram Arvindh,69,90,5.0144927536231885,9,1,Finisher (6+)
2023,R Sri Neranjan,107,97,1.3644859813084111,7,1,Opener (1-2)
2023,R Vimal Khumar,127,141,1.0,7,1,Opener (1-2)
2023,RS Mokit Hariharan,66,60,4.5,5,0,Middle Order (4-5)
2023,Ragupathy Silambarasan,11,8,9.818181818181818,4,0,Finisher (6+)
2023,Rajendran Vivek,66,87,5.090909090909091,7,0,Finisher (6+)
2023,Ramalingam Rohit,21,27,8.095238095238095,4,0,Finisher (6+)
2023,Ramsingh  Sanjay Yadav,88,102,4.181818181818182,7,0,Middle Order (4-5)
2023,Ramsingh Sonu Yadav,93,115,5.548387096774194,7,1,Finisher (6+)
2023,Ravisrinivasan Sai Kishore,73,122,3.1095890410958904,4,0,Middle Order (4-5)
2023,S Abishiek,62,46,5.5,6,0,Finisher (6+)
2023,S Harish Kumar,79,86,6.0886075949367084,7,0,Finisher (6+)
2023,S Rithik Easwaran,92,152,4.630434782608695,8,1,Middle Order (4-5)
2023,S Santosh Shiv,59,59,1.4067796610169492,4,0,Opener (1-2)
2023,S Sri Abisek,63,71,4.968253968253968,5,0,Middle Order (4-5)
2023,S Sujay,136,170,1.0,6,1,Opener (1-2)
2023,Shivam Singh,163,219,2.0,5,1,Opener (1-2)
2023,Subodh Bhati,58,88,6.103448275862069,6,1,Finisher (6+)
2023,Sundararaman Radhakrishnan,142,141,1.6971830985915493,5,0,Opener (1-2)
2023,Sunny Sandhu,132,182,5.196969696969697,5,0,Finisher (6+)
2023,Suresh Lokeshwar,139,163,1.410071942446043,5,1,Opener (1-2)
2023,Swapnil Singh,114,150,4.7894736842105265,8,1,Middle Order (4-5)
2023,Tushar Raheja,168,195,1.7678571428571428,7,0,Opener (1-2)
2023,U Mukilesh,165,202,4.612121212121212,8,1,Middle Order (4-5)
2023,Uthirasamy Sasidev,72,80,6.986111111111111,6,0,Finisher (6+)
2023,V Aaditya,97,124,2.6082474226804124,4,1,Top Order (3)
2023,VP Amit Sathvik,60,47,1.0,5,0,Opener (1-2)
2023,Vijay Shankar,110,144,4.254545454545455,6,0,Middle Order (4-5)
2023,Washington Sundar,86,119,4.837209302325581,5,0,Middle Order (4-5)
2023,Wenseslaus Antony Dhas,72,59,6.472222222222222,7,0,Finisher (6+)
2024, Sriram Ajith Ram,20,17,9.9,4,1,Finisher (6+)
2024,Abhishek Baljeetsingh Tanwar,43,96,6.883720930232558,7,1,Finisher (6+)
2024,Arjun P Murthy,53,39,1.3962264150943395,6,0,Opener (1-2)
2024,Atheeq Ur Rahman,54,81,6.296296296296297,6,1,Finisher (6+)
2024,Baba Aparajith,175,234,3.0,8,1,Top Order (3)
2024,Baba Indrajith,215,286,3.4604651162790696,10,1,Middle Order (4-5)
2024,Balchander Anirudh,114,142,3.8333333333333335,9,1,Middle Order (4-5)
2024,Bhardwaj Sai Sudharsan,158,238,2.9367088607594938,7,1,Top Order (3)
2024,Boopathi Vaishna Kumar,73,94,4.465753424657534,9,1,Middle Order (4-5)
2024,C Andre Siddarth,62,62,5.225806451612903,5,1,Finisher (6+)
2024,C Sarath Kumar,72,92,5.152777777777778,8,1,Finisher (6+)
2024,Chezhian Nishaanth,84,111,1.7023809523809523,6,0,Opener (1-2)
2024,D Santhosh Kumar,136,171,1.0,8,1,Opener (1-2)
2024,Daryl Sunder Ferrario,49,67,5.0,7,1,Middle Order (4-5)
2024,Guruswamy Ajitesh,122,152,3.1147540983606556,7,0,Middle Order (4-5)
2024,Jafar Jamal,125,177,5.784,6,0,Finisher (6+)
2024,Jagatheesan Kousik,147,184,3.2108843537414966,6,0,Middle Order (4-5)
2024,Jayaraman Suresh Kumar,112,122,2.125,9,1,Top Order (3)
2024,K Vishal Vaidhya,140,164,3.3857142857142857,6,0,Middle Order (4-5)
2024,Konda Bhaskir Arun Karthik,180,260,1.0,7,0,Opener (1-2)
2024,Laxmesha Suryaprakash,51,51,5.294117647058823,4,0,Finisher (6+)
2024,M Mohammed,31,17,7.935483870967742,5,1,Finisher (6+)
2024,M Poiyamozhi,16,11,9.3125,4,0,Finisher (6+)
2024,Masood Shahrukh Khan,123,225,5.2926829268292686,7,1,Finisher (6+)
2024,Muhammed Adnan Khan,67,86,5.134328358208955,5,0,Finisher (6+)
2024,Murugan Ashwin,39,41,7.9743589743589745,5,0,Finisher (6+)
2024,N Sarangarajan Chaturved,53,75,5.09433962264151,6,0,Finisher (6+)
2024,NS Harish,54,73,5.296296296296297,6,0,Finisher (6+)
2024,Narayan Jagadeesan,177,245,2.0,8,1,Opener (1-2)
2024,Nidhish S Rajagopal,76,91,4.473684210526316,6,0,Middle Order (4-5)
2024,P Bhuvaneswaran,14,9,8.714285714285714,5,1,Finisher (6+)
2024,P Saravana Kumar,40,46,7.95,5,0,Finisher (6+)
2024,P Saravanan,37,60,6.378378378378378,5,0,Finisher (6+)
2024,Poovathinga Shijit Chandran,38,31,5.7368421052631575,4,0,Finisher (6+)
2024,Pradosh Ranjan Paul,165,222,4.084848484848485,6,1,Middle Order (4-5)
2024,R Kavin,124,160,2.0,5,0,Opener (1-2)
2024,R Rajkumar,66,146,7.106060606060606,6,0,Finisher (6+)
2024,R Ram Arvindh,82,86,5.439024390243903,6,1,Finisher (6+)
2024,R Vimal Khumar,133,165,1.8120300751879699,10,1,Opener (1-2)
2024,RS Mokit Hariharan,51,55,2.235294117647059,6,0,Top Order (3)
2024,Rajendran Vivek,91,143,3.197802197802198,7,0,Middle Order (4-5)
2024,Ramsingh  Sanjay Yadav,152,226,5.4144736842105265,7,0,Finisher (6+)
2024,Ramsingh Sonu Yadav,72,118,6.083333333333333,6,0,Finisher (6+)
2024,Ravichandran Ashwin,166,252,3.072289156626506,9,1,Middle Order (4-5)
2024,Ravisrinivasan Sai Kishore,43,43,5.5813953488372094,7,1,Finisher (6+)
2024,Robin Bist,71,67,3.6056338028169015,4,0,Middle Order (4-5)
2024,S Abishiek,102,92,1.2156862745098038,7,0,Opener (1-2)
2024,S Dinesh Raj,25,40,6.96,6,1,Finisher (6+)
2024,S Ganesh,131,167,6.129770992366412,8,1,Finisher (6+)
2024,S Harish Kumar,73,140,7.164383561643835,6,0,Finisher (6+)
2024,S Mohamed Ali,122,173,5.450819672131147,8,1,Finisher (6+)
2024,S Rithik Easwaran,81,108,5.506172839506172,6,0,Finisher (6+)
2024,S Shyam Sundar,114,118,3.412280701754386,7,0,Middle Order (4-5)
2024,S Sujay,168,193,1.1071428571428572,8,1,Opener (1-2)
2024,SJ Arun Kumar,24,15,5.625,4,0,Finisher (6+)
2024,Shivam Singh,270,364,1.762962962962963,9,1,Opener (1-2)
2024,Subodh Bhati,25,29,7.12,4,1,Finisher (6+)
2024,Sundararaman Radhakrishnan,103,122,2.1650485436893203,8,1,Top Order (3)
2024,Sunny Sandhu,45,61,6.377777777777778,5,0,Finisher (6+)
2024,Suresh Lokeshwar,129,196,1.310077519379845,6,0,Opener (1-2)
2024,Tushar Raheja,216,324,2.0,9,1,Opener (1-2)
2024,U Mukilesh,159,195,4.433962264150943,8,1,Middle Order (4-5)
2024,Uthirasamy Sasidev,63,89,5.73015873015873,6,0,Finisher (6+)
2024,VP Amit Sathvik,168,228,1.7023809523809523,9,1,Opener (1-2)
2024,Waseem Ahmed,156,217,1.5064102564102564,7,0,Opener (1-2)
2024,Wenseslaus Antony Dhas,11,8,7.636363636363637,4,0,Finisher (6+)
2025,Abhishek Baljeetsingh Tanwar,14,12,7.285714285714286,4,1,Finisher (6+)
2025,Atheeq Ur Rahman,152,202,4.532894736842105,7,0,Middle Order (4-5)
2025,Baba Aparajith,260,412,3.076923076923077,9,1,Middle Order (4-5)
2025,Baba Indrajith,147,187,3.17687074829932,9,1,Middle Order (4-5)
2025,Balasubramaniam Sachin,184,254,3.0,7,0,Top Order (3)
2025,Balchander Anirudh,120,150,2.0,7,0,Opener (1-2)
2025,C Andre Siddarth,122,131,4.688524590163935,7,0,Middle Order (4-5)
2025,C Sarath Kumar,88,80,6.261363636363637,5,0,Finisher (6+)
2025,CH Jitendra Kumar,71,91,2.1267605633802815,6,0,Top Order (3)
2025,Chezhian Nishaanth,145,185,1.1241379310344828,7,0,Opener (1-2)
2025,D Santhosh Kumar,116,164,1.4137931034482758,7,0,Opener (1-2)
2025,Dinesh H,21,25,6.333333333333333,4,1,Finisher (6+)
2025,Gurjapneet Singh,33,72,9.424242424242424,5,0,Finisher (6+)
2025,Guruswamy Ajitesh,69,47,3.347826086956522,6,0,Middle Order (4-5)
2025,Hunny Saini,89,162,5.52808988764045,10,1,Finisher (6+)
2025,Jafar Jamal,86,127,5.872093023255814,8,1,Finisher (6+)
2025,Jagatheesan Kousik,153,186,3.7058823529411766,8,1,Middle Order (4-5)
2025,Jayaraman Suresh Kumar,114,151,2.0,7,1,Opener (1-2)
2025,K Aashiq,158,208,1.0,9,1,Opener (1-2)
2025,KT Madhava Prasad,39,44,6.923076923076923,4,0,Finisher (6+)
2025,Konda Bhaskir Arun Karthik,129,170,1.9689922480620154,6,0,Opener (1-2)
2025,M Karthik Saran,29,38,7.517241379310345,7,1,Finisher (6+)
2025,M Mohammed,57,69,8.736842105263158,5,0,Finisher (6+)
2025,Maan K Bafna,52,61,4.346153846153846,6,1,Middle Order (4-5)
2025,Masood Shahrukh Khan,131,218,5.038167938931298,7,0,Finisher (6+)
2025,Muhammed Adnan Khan,75,113,7.786666666666667,5,0,Finisher (6+)
2025,Murugan Ashwin,76,68,6.697368421052632,6,0,Finisher (6+)
2025,N Sarangarajan Chaturved,107,139,3.0373831775700935,7,0,Middle Order (4-5)
2025,NS Harish,61,98,5.852459016393443,6,0,Finisher (6+)
2025,Narayan Jagadeesan,104,180,4.028846153846154,7,1,Middle Order (4-5)
2025,Nidhish S Rajagopal,180,252,3.477777777777778,7,0,Middle Order (4-5)
2025,P Saravana Kumar,19,21,7.7368421052631575,5,1,Finisher (6+)
2025,P Saravanan,63,80,7.809523809523809,6,0,Finisher (6+)
2025,PS Nirmal Kumar,70,74,4.042857142857143,5,0,Middle Order (4-5)
2025,Pradosh Ranjan Paul,135,146,4.274074074074074,6,1,Middle Order (4-5)
2025,R Kavin,76,86,3.9473684210526314,6,0,Middle Order (4-5)
2025,R Rajkumar,101,200,6.712871287128713,8,1,Finisher (6+)
2025,R Ram Arvindh,129,143,1.0,7,0,Opener (1-2)
2025,R Vimal Khumar,168,240,4.630952380952381,9,1,Middle Order (4-5)
2025,RS Mokit Hariharan,142,176,2.0,9,1,Opener (1-2)
2025,Rajendran Vivek,47,60,5.127659574468085,7,0,Finisher (6+)
2025,Ramsingh  Sanjay Yadav,167,196,5.065868263473054,8,1,Finisher (6+)
2025,Ramsingh Sonu Yadav,100,133,6.28,6,0,Finisher (6+)
2025,Ravichandran Ashwin,193,297,1.0,10,1,Opener (1-2)
2025,Ravisrinivasan Sai Kishore,93,129,3.3763440860215055,7,1,Middle Order (4-5)
2025,S Abishiek,123,134,2.3495934959349594,7,0,Top Order (3)
2025,S Dinesh Raj,21,28,7.523809523809524,4,1,Finisher (6+)
2025,S Ganesh,36,41,5.194444444444445,4,0,Finisher (6+)
2025,S Guru Raghavendran,39,43,5.0,5,0,Middle Order (4-5)
2025,S Harish Kumar,32,44,7.59375,6,0,Finisher (6+)
2025,S Mohamed Ali,73,100,4.7534246575342465,7,1,Middle Order (4-5)
2025,S Rithik Easwaran,79,104,4.962025316455696,7,0,Middle Order (4-5)
2025,S Sujay,95,89,1.7263157894736842,7,1,Opener (1-2)
2025,Sachin Rathi,19,3,9.736842105263158,4,0,Finisher (6+)
2025,Shivam Singh,231,327,2.0,9,1,Opener (1-2)
2025,Sunny Sandhu,89,129,5.46067415730337,7,0,Finisher (6+)
2025,Suresh Lokeshwar,137,169,1.9197080291970803,7,0,Opener (1-2)
2025,Swapnil Singh,51,85,6.0,6,1,Finisher (6+)
2025,Tushar Raheja,263,488,2.0,9,1,Opener (1-2)
2025,U Mukilesh,64,57,6.09375,7,1,Finisher (6+)
2025,Uthirasamy Sasidev,63,115,5.380952380952381,5,1,Finisher (6+)
2025,VP Amit Sathvik,244,340,1.0,9,1,Opener (1-2)
2025,Varun Chakravarthy Vinod,20,31,8.35,5,1,Finisher (6+)
2025,Vijay Shankar,163,251,4.104294478527607,9,1,Middle Order (4-5)
2025,Waseem Ahmed,138,151,1.6956521739130435,8,1,Opener (1-2)
