season,batter,team,avg_pos,matches,innings,runs,mean_rpi,median_rpi,sr,death_sr,z_volume,z_efficiency,z_finishing,z_consistency,index,season_rank
2016,M Mohammed,Lyca Kovai Kings,6.68,7,7,105,15.0,12.0,214.3,214.3,0.68,2.9,1.76,0.46,1.45,1
2016,Ramsingh  Sanjay Yadav,Nellai Royal Kings,4.82,6,6,136,22.7,20.0,140.2,137.0,2.53,0.6,-0.12,2.06,1.27,2
2016,Akkil Srinaath,Trichy Grand Cholas,6.22,4,4,72,18.0,16.5,150.0,174.2,1.4,0.91,0.79,1.36,1.11,3
2016,Jagatheesan Kousik,Trichy Grand Cholas,6.11,6,6,124,20.7,16.5,118.1,186.2,2.04,-0.08,1.08,1.36,1.1,4
2016,R Rajkumar,IDream Tiruppur Tamizhans,5.91,7,7,101,14.4,7.0,187.0,225.0,0.54,2.06,2.02,-0.54,1.02,5
2016,Malolan Rangarajan,Nellai Royal Kings,5.91,7,7,107,15.3,17.0,127.4,148.5,0.75,0.21,0.16,1.46,0.64,6
2016,Rajagopal Sathish,Chepauk Super Gillies,4.85,9,9,139,15.4,1.0,171.6,202.3,0.79,1.58,1.47,-1.74,0.52,7
2016,S Harish Kumar,Lyca Kovai Kings,4.32,7,7,116,16.6,13.0,131.8,122.9,1.06,0.34,-0.46,0.66,0.4,8
2016,Selvam Suresh Kumar,Siechem Madurai Panthers,4.39,7,7,113,16.1,19.0,103.7,111.1,0.96,-0.53,-0.75,1.86,0.39,9
2016,Murugan Ashwin,Dindigul Dragons,4.59,6,6,105,17.5,8.0,131.2,150.0,1.28,0.33,0.2,-0.34,0.37,10
2016,Uthirasamy Sasidev,Chepauk Super Gillies,5.53,6,6,71,11.8,15.0,134.0,137.9,-0.08,0.41,-0.1,1.06,0.32,11
2016,Masood Shahrukh Khan,Trichy Grand Cholas,4.14,6,6,72,12.0,12.5,116.1,166.7,-0.04,-0.14,0.6,0.56,0.25,12
2016,Rajendran Vivek,Dindigul Dragons,5.85,5,5,42,8.4,7.0,168.0,170.8,-0.91,1.47,0.7,-0.54,0.18,13
2016,Chandrasekar Ganapathy,IDream Tiruppur Tamizhans,6.44,5,5,46,9.2,8.0,135.3,178.3,-0.71,0.45,0.88,-0.34,0.07,14
2016,Yamuna Sunny Kumar Singh,Dindigul Dragons,5.97,5,5,53,10.6,7.0,143.2,141.7,-0.38,0.7,-0.01,-0.54,-0.06,15
2016,Vijaykumar Yo Mahesh,Chepauk Super Gillies,4.67,6,6,54,9.0,10.5,87.1,187.5,-0.76,-1.04,1.11,0.16,-0.13,16
2016,P Francis Rokins,Siechem Madurai Panthers,6.26,6,6,74,12.3,10.0,108.8,129.2,0.04,-0.37,-0.31,0.06,-0.14,17
2016,Ashwin Venkataraman,Dindigul Dragons,4.47,4,4,52,13.0,5.5,115.6,,0.2,-0.16,0.0,-0.84,-0.2,18
2016,Pitchaiayan Sakthi,Siechem Madurai Panthers,6.31,4,4,45,11.2,14.0,109.8,96.4,-0.22,-0.34,-1.1,0.86,-0.2,19
2016,Adithya Ganesh,Trichy Grand Cholas,6.9,4,4,40,10.0,10.5,108.1,122.2,-0.52,-0.39,-0.48,0.16,-0.31,20
2016,Subramanian Anand,SKM Salem Spartans,4.66,7,7,62,8.9,7.0,95.4,166.7,-0.8,-0.78,0.6,-0.54,-0.38,21
2016,Maan K Bafna,Siechem Madurai Panthers,5.78,4,4,44,11.0,11.5,100.0,83.3,-0.28,-0.64,-1.42,0.36,-0.5,22
2016,Jothimani Gowjith Subhash,Chepauk Super Gillies,4.87,7,7,61,8.7,2.0,103.4,176.9,-0.83,-0.54,0.85,-1.54,-0.51,23
2016,Umashankar Sushil,SKM Salem Spartans,4.2,7,7,85,12.1,7.0,85.9,117.6,-0.01,-1.08,-0.59,-0.54,-0.55,24
2016,K Vishal Vaidhya,IDream Tiruppur Tamizhans,4.0,4,4,34,8.5,8.5,64.2,,-0.88,-1.75,0.0,-0.24,-0.72,25
2016,Abhishek Baljeetsingh Tanwar,Nellai Royal Kings,5.74,5,5,39,7.8,9.0,88.6,103.7,-1.05,-0.99,-0.93,-0.14,-0.78,26
2016,Wilkins Joseph Victor,Dindigul Dragons,4.39,5,5,61,12.2,4.0,107.0,66.7,0.01,-0.42,-1.83,-1.14,-0.85,27
2016,M Lakshmi Narayanan,Nellai Royal Kings,5.95,5,5,43,8.6,9.0,102.4,66.7,-0.86,-0.57,-1.83,-0.14,-0.85,28
2016,Akshay V Srinivasan,Lyca Kovai Kings,4.33,5,5,38,7.6,1.0,102.7,140.0,-1.1,-0.56,-0.05,-1.74,-0.86,29
2016,Akash Sumra,SKM Salem Spartans,6.94,5,5,36,7.2,6.0,100.0,90.6,-1.19,-0.64,-1.25,-0.74,-0.96,30
2016,L Ganesh,Trichy Grand Cholas,5.08,4,4,21,5.2,5.5,91.3,100.0,-1.66,-0.91,-1.02,-0.84,-1.11,31
2017,Rajendran Vivek,Dindigul Dragons,6.72,5,5,124,24.8,32.0,177.1,188.1,1.23,1.56,1.14,1.84,1.44,1
2017,Wenseslaus Antony Dhas,Chepauk Super Gillies,4.57,6,6,177,29.5,32.5,167.0,140.0,1.93,1.24,-0.13,1.9,1.23,2
2017,Akshay V Srinivasan,Lyca Kovai Kings,4.16,5,5,125,25.0,34.0,137.4,175.6,1.26,0.28,0.81,2.06,1.1,3
2017,Abhishek Baljeetsingh Tanwar,Nellai Royal Kings,6.17,4,4,84,21.0,13.5,186.7,202.9,0.67,1.87,1.53,-0.23,0.96,4
2017,M Shajahan,IDream Tiruppur Tamizhans,4.75,8,8,209,26.1,26.5,145.1,146.7,1.43,0.53,0.05,1.23,0.81,5
2017,S Harish Kumar,Lyca Kovai Kings,5.63,6,6,84,14.0,9.5,182.6,213.8,-0.37,1.74,1.81,-0.67,0.63,6
2017,SP Nathan,SKM Salem Spartans,4.12,6,6,149,24.8,18.0,150.5,150.0,1.24,0.71,0.14,0.28,0.59,7
2017,M Mohammed,Lyca Kovai Kings,5.58,4,4,70,17.5,18.0,132.1,196.2,0.15,0.11,1.35,0.28,0.47,8
2017,Chandrasekar Ganapathy,IDream Tiruppur Tamizhans,5.76,6,6,98,16.3,19.0,150.8,169.2,-0.02,0.71,0.64,0.39,0.43,9
2017,Uthirasamy Sasidev,Chepauk Super Gillies,4.56,8,8,158,19.8,18.0,132.8,158.3,0.49,0.14,0.35,0.28,0.31,10
2017,Subramanian Anand,SKM Salem Spartans,5.02,7,7,107,15.3,13.0,127.4,147.4,-0.18,-0.04,0.07,-0.28,-0.11,11
2017,Sathiamoorty Vasanth Saravanan,Chepauk Super Gillies,4.76,8,8,94,11.8,11.5,123.7,175.9,-0.7,-0.16,0.81,-0.45,-0.12,12
2017,Malolan Rangarajan,Nellai Royal Kings,4.97,7,7,86,12.3,13.0,124.6,161.8,-0.62,-0.13,0.44,-0.28,-0.15,13
2017,Akkil Srinaath,Trichy Grand Cholas,4.42,7,7,102,14.6,11.0,127.5,133.3,-0.28,-0.03,-0.3,-0.51,-0.28,14
2017,Akash Sumra,SKM Salem Spartans,6.23,5,5,57,11.4,15.0,121.3,129.7,-0.75,-0.23,-0.4,-0.06,-0.36,15
2017,Jagatheesan Kousik,Trichy Grand Cholas,4.27,6,6,104,17.3,13.0,109.5,115.4,0.13,-0.61,-0.77,-0.28,-0.39,16
2017,Ashwin Venkataraman,Dindigul Dragons,4.53,5,5,96,19.2,19.0,104.3,83.3,0.4,-0.78,-1.62,0.39,-0.4,17
2017,Selvam Suresh Kumar,Siechem Madurai Panthers,4.63,5,5,84,16.8,16.0,109.1,92.9,0.05,-0.63,-1.37,0.05,-0.47,18
2017,Wilkins Joseph Victor,Dindigul Dragons,5.22,5,5,71,14.2,8.0,94.7,147.6,-0.34,-1.09,0.07,-0.84,-0.55,19
2017,Rajagopal Sathish,Chepauk Super Gillies,5.83,8,8,70,8.8,4.5,98.6,123.3,-1.15,-0.96,-0.57,-1.23,-0.98,20
2017,Adithya Ganesh,Trichy Grand Cholas,6.12,4,4,41,10.2,7.5,102.5,93.8,-0.92,-0.84,-1.34,-0.9,-1.0,21
2017,Ravi Karthikeyan,Siechem Madurai Panthers,4.3,4,4,20,5.0,4.0,80.0,100.0,-1.7,-1.56,-1.18,-1.29,-1.43,22
2017,R Rajkumar,IDream Tiruppur Tamizhans,6.25,6,6,20,3.3,0.5,71.4,86.4,-1.95,-1.84,-1.54,-1.68,-1.75,23
2018,Rajagopal Sathish,SKM Salem Spartans,5.36,7,7,233,33.3,24.0,182.0,207.4,2.27,2.03,1.34,1.51,1.79,1
2018,Selvam Suresh Kumar,Trichy Grand Cholas,4.31,7,7,225,32.1,35.0,131.6,196.4,2.13,0.4,1.12,2.87,1.63,2
2018,P Francis Rokins,VB Kanchi Veerans,5.34,5,5,130,26.0,16.0,144.4,206.2,1.37,0.82,1.32,0.52,1.01,3
2018,Jagatheesan Kousik,Siechem Madurai Panthers,4.72,8,8,167,20.9,18.0,146.5,170.0,0.73,0.88,0.6,0.77,0.75,4
2018,Murugan Ashwin,Chepauk Super Gillies,5.72,7,7,163,23.3,22.0,122.6,141.7,1.03,0.11,0.03,1.26,0.61,5
2018,M Shajahan,IDream Tiruppur Tamizhans,4.8,7,7,118,16.9,18.0,140.5,167.6,0.23,0.69,0.55,0.77,0.56,6
2018,S Harish Kumar,Chepauk Super Gillies,5.67,5,5,50,10.0,8.0,156.2,226.7,-0.62,1.2,1.73,-0.47,0.46,7
2018,Chandrasekar Ganapathy,Trichy Grand Cholas,5.08,6,6,63,10.5,4.0,161.5,235.0,-0.55,1.37,1.89,-0.96,0.44,8
2018,Ramsingh  Sanjay Yadav,VB Kanchi Veerans,6.29,5,5,85,17.0,12.0,144.1,173.1,0.25,0.81,0.66,0.03,0.44,9
2018,Ashwin Venkataraman,Lyca Kovai Kings,4.17,8,8,180,22.5,21.5,101.7,148.1,0.93,-0.56,0.16,1.2,0.43,10
2018,M Mohammed,Dindigul Dragons,6.72,5,5,79,15.8,12.0,141.1,146.5,0.1,0.71,0.13,0.03,0.24,11
2018,R Rajkumar,IDream Tiruppur Tamizhans,4.27,7,7,102,14.6,11.0,137.8,160.0,-0.05,0.6,0.4,-0.09,0.21,12
2018,M Prasanth Rajesh,Lyca Kovai Kings,6.85,6,6,92,15.3,15.5,122.7,140.7,0.04,0.11,0.01,0.46,0.16,13
2018,Baskaran Rahul,Chepauk Super Gillies,5.14,5,5,92,18.4,14.0,110.8,122.7,0.42,-0.27,-0.35,0.28,0.02,14
2018,Abhishek Baljeetsingh Tanwar,Siechem Madurai Panthers,6.42,8,8,88,11.0,9.0,117.3,152.2,-0.49,-0.06,0.24,-0.34,-0.16,15
2018,Akkil Srinaath,Lyca Kovai Kings,5.09,6,6,101,16.8,5.0,127.8,116.7,0.23,0.28,-0.47,-0.84,-0.2,16
2018,Uthirasamy Sasidev,Chepauk Super Gillies,4.6,7,7,100,14.3,11.0,105.3,100.0,-0.08,-0.45,-0.8,-0.09,-0.36,17
2018,RS Mokit Hariharan,VB Kanchi Veerans,4.69,4,4,59,14.8,12.5,89.4,105.3,-0.03,-0.96,-0.69,0.09,-0.4,18
2018,V Subramania Siva,VB Kanchi Veerans,5.14,4,4,59,14.8,13.0,113.5,33.3,-0.03,-0.18,-2.13,0.15,-0.55,19
2018,Ravi Karthikeyan,Siechem Madurai Panthers,4.04,5,5,49,9.8,8.0,104.3,100.0,-0.64,-0.48,-0.8,-0.47,-0.6,20
2018,Malolan Rangarajan,SKM Salem Spartans,6.8,5,5,52,10.4,4.0,118.2,93.5,-0.57,-0.03,-0.93,-0.96,-0.62,21
2018,Mohan Abhinav,Dindigul Dragons,6.81,6,6,30,5.0,1.0,115.4,145.0,-1.23,-0.12,0.1,-1.33,-0.65,22
2018,Yamuna Sunny Kumar Singh,Chepauk Super Gillies,5.9,4,4,18,4.5,2.5,60.0,110.0,-1.3,-1.91,-0.6,-1.14,-1.24,23
2018,R Kavin,IDream Tiruppur Tamizhans,5.33,5,5,17,3.4,3.0,68.0,100.0,-1.43,-1.65,-0.8,-1.08,-1.24,24
2018,Vijaykumar Yo Mahesh,IDream Tiruppur Tamizhans,6.56,4,4,19,4.8,2.5,73.1,84.2,-1.27,-1.49,-1.11,-1.14,-1.25,25
2018,Akash Sumra,SKM Salem Spartans,5.86,4,4,13,3.2,3.5,61.9,60.0,-1.45,-1.85,-1.6,-1.02,-1.48,26
2019,Rajagopal Sathish,VB Kanchi Veerans,5.55,7,7,178,25.4,22.0,183.5,211.3,1.93,2.2,0.95,1.67,1.69,1
2019,Uthirasamy Sasidev,Chepauk Super Gillies,5.01,8,8,221,27.6,26.5,117.6,165.9,2.29,0.01,0.2,2.39,1.22,2
2019,Jagatheesan Kousik,Siechem Madurai Panthers,4.61,8,8,195,24.4,24.0,122.6,158.9,1.75,0.18,0.08,1.99,1.0,3
2019,Akkil Srinaath,Lyca Kovai Kings,5.16,6,6,119,19.8,19.5,135.2,137.8,1.01,0.6,-0.26,1.28,0.66,4
2019,K Mani Bharathi,Trichy Grand Cholas,5.44,7,7,96,13.7,14.0,162.7,190.0,0.01,1.51,0.6,0.4,0.63,5
2019,S Harish Kumar,Chepauk Super Gillies,5.99,9,9,150,16.7,10.0,161.3,188.6,0.5,1.46,0.57,-0.24,0.57,6
2019,Rajendran Vivek,Dindigul Dragons,4.83,9,9,121,13.4,11.0,153.2,172.4,-0.03,1.19,0.31,-0.08,0.35,7
2019,Wenseslaus Antony Dhas,Lyca Kovai Kings,4.94,6,6,119,19.8,9.5,148.8,106.7,1.01,1.05,-0.77,-0.31,0.24,8
2019,P Francis Rokins,VB Kanchi Veerans,5.91,4,4,33,8.2,3.0,103.1,357.1,-0.88,-0.47,3.34,-1.35,0.16,9
2019,M Shajahan,IDream Tiruppur Tamizhans,5.72,6,6,103,17.2,14.0,110.8,140.0,0.58,-0.22,-0.23,0.4,0.13,10
2019,R Nilesh Subramanian,Siechem Madurai Panthers,4.27,6,6,71,11.8,10.0,112.7,223.1,-0.29,-0.15,1.14,-0.24,0.11,11
2019,Malolan Rangarajan,Lyca Kovai Kings,4.56,5,5,48,9.6,11.0,133.3,175.0,-0.66,0.53,0.35,-0.08,0.04,12
2019,R Rajkumar,IDream Tiruppur Tamizhans,6.4,6,6,64,10.7,10.0,106.7,170.8,-0.48,-0.35,0.28,-0.24,-0.2,13
2019,S Senthil Nathan,SKM Salem Spartans,5.97,4,4,43,10.8,9.0,126.5,131.2,-0.47,0.31,-0.37,-0.39,-0.23,14
2019,Murugan Ashwin,Chepauk Super Gillies,5.85,7,7,88,12.6,14.0,88.9,136.1,-0.17,-0.94,-0.29,0.4,-0.25,15
2019,Sumant Jain,Dindigul Dragons,4.55,9,9,113,12.6,10.0,109.7,131.2,-0.18,-0.25,-0.37,-0.24,-0.26,16
2019,Abhishek Baljeetsingh Tanwar,Siechem Madurai Panthers,6.78,8,8,83,10.4,9.0,109.2,146.0,-0.53,-0.27,-0.13,-0.39,-0.33,17
2019,Sathiamoorty Vasanth Saravanan,SKM Salem Spartans,5.88,6,6,65,10.8,8.5,114.0,100.0,-0.46,-0.11,-0.88,-0.47,-0.48,18
2019,S Abishiek,SKM Salem Spartans,4.29,6,6,42,7.0,5.0,76.4,,-1.08,-1.36,0.0,-1.03,-0.87,19
2019,Chandrasekar Ganapathy,Trichy Grand Cholas,4.41,5,5,44,8.8,9.0,75.9,77.3,-0.79,-1.38,-1.26,-0.39,-0.95,20
2019,Vijaykumar Yo Mahesh,IDream Tiruppur Tamizhans,5.94,4,4,29,7.2,3.5,82.9,113.3,-1.04,-1.14,-0.66,-1.27,-1.03,21
2019,A Aarif,Chepauk Super Gillies,4.81,4,4,23,5.8,3.5,88.5,100.0,-1.29,-0.96,-0.88,-1.27,-1.1,22
2019,Mohan Abhinav,Dindigul Dragons,6.0,4,4,37,9.2,8.0,74.0,50.0,-0.72,-1.44,-1.71,-0.55,-1.1,23
2021,Masood Shahrukh Khan,Lyca Kovai Kings,5.37,7,7,210,30.0,26.0,178.0,209.8,2.04,2.17,1.45,1.56,1.81,1
2021,Jagatheesan Kousik,Siechem Madurai Panthers,4.84,7,7,165,23.6,29.0,131.0,213.9,1.11,0.48,1.55,1.94,1.27,2
2021,Ramsingh  Sanjay Yadav,Nellai Royal Kings,4.99,6,6,126,21.0,26.5,151.8,180.0,0.74,1.23,0.74,1.63,1.08,3
2021,Baba Indrajith,Nellai Royal Kings,5.48,5,5,123,24.6,26.0,130.9,175.0,1.26,0.48,0.62,1.56,0.98,4
2021,Rajendran Vivek,Dindigul Dragons,4.86,9,9,240,26.7,16.0,157.9,168.6,1.56,1.45,0.47,0.29,0.94,5
2021,Daryl Sunder Ferrario,SKM Salem Spartans,5.0,5,5,124,24.8,30.0,117.0,160.5,1.29,-0.02,0.28,2.07,0.9,6
2021,Adithya Ganesh,Trichy Grand Cholas,4.57,9,9,249,27.7,28.0,107.8,160.0,1.7,-0.36,0.26,1.82,0.86,7
2021,Abhishek Baljeetsingh Tanwar,Lyca Kovai Kings,6.94,6,6,88,14.7,13.0,176.0,184.8,-0.18,2.1,0.85,-0.09,0.67,8
2021,Maan K Bafna,IDream Tiruppur Tamizhans,4.01,7,7,180,25.7,16.0,109.1,169.2,1.42,-0.31,0.48,0.29,0.47,9
2021,Rajagopal Sathish,Chepauk Super Gillies,5.54,8,8,141,17.6,11.0,145.4,155.1,0.25,1.0,0.15,-0.35,0.26,10
2021,Arjun P Murthy,Nellai Royal Kings,5.53,4,4,45,11.2,5.0,166.7,189.5,-0.67,1.77,0.96,-1.11,0.24,11
2021,Wenseslaus Antony Dhas,Trichy Grand Cholas,5.16,7,7,109,15.6,13.0,123.9,148.2,-0.05,0.22,-0.02,-0.09,0.02,12
2021,Murugan Ashwin,SKM Salem Spartans,6.66,6,6,117,19.5,14.5,113.6,130.9,0.52,-0.15,-0.43,0.1,0.01,13
2021,S Harish Kumar,Chepauk Super Gillies,6.71,7,7,72,10.3,7.0,146.9,156.1,-0.81,1.05,0.17,-0.85,-0.11,14
2021,Uthirasamy Sasidev,Chepauk Super Gillies,4.57,9,9,163,18.1,18.0,108.7,107.1,0.32,-0.32,-1.0,0.54,-0.11,15
2021,P Francis Rokins,IDream Tiruppur Tamizhans,4.9,7,7,129,18.4,12.0,102.4,140.0,0.37,-0.55,-0.21,-0.22,-0.15,16
2021,RS Jaganath Sinivas,Chepauk Super Gillies,5.19,5,5,50,10.0,8.0,111.1,192.9,-0.86,-0.24,1.05,-0.73,-0.19,17
2021,RS Mokit Hariharan,Dindigul Dragons,4.86,9,9,117,13.0,6.0,110.4,152.5,-0.42,-0.26,0.08,-0.98,-0.4,18
2021,Ashwin Venkataraman,Lyca Kovai Kings,4.12,4,4,53,13.2,14.0,79.1,,-0.38,-1.39,-0.0,0.04,-0.43,19
2021,S Aravind,IDream Tiruppur Tamizhans,4.45,5,5,40,8.0,7.0,95.2,180.0,-1.15,-0.81,0.74,-0.85,-0.52,20
2021,M Mohammed,IDream Tiruppur Tamizhans,6.93,7,7,96,13.7,10.0,86.5,135.8,-0.32,-1.12,-0.31,-0.47,-0.56,21
2021,Ramsingh Sonu Yadav,Chepauk Super Gillies,5.63,5,5,42,8.4,7.0,107.7,150.0,-1.09,-0.36,0.02,-0.85,-0.57,22
2021,S Sujay,Chepauk Super Gillies,4.13,4,4,28,7.0,9.0,77.8,180.0,-1.29,-1.44,0.74,-0.6,-0.65,23
2021,Ravisrinivasan Sai Kishore,Chepauk Super Gillies,5.31,4,4,53,13.2,10.5,106.0,88.9,-0.38,-0.42,-1.43,-0.41,-0.66,24
2021,Tushar Raheja,IDream Tiruppur Tamizhans,4.41,5,5,42,8.4,9.0,87.5,150.0,-1.09,-1.09,0.02,-0.6,-0.69,25
2021,M Shajahan,Siechem Madurai Panthers,5.43,4,4,43,10.8,11.0,86.0,118.8,-0.75,-1.14,-0.72,-0.35,-0.74,26
2021,U Mukilesh,Lyca Kovai Kings,5.21,5,5,52,10.4,6.0,100.0,117.6,-0.8,-0.64,-0.75,-0.98,-0.79,27
2021,Umashankar Sushil,SKM Salem Spartans,4.29,5,5,55,11.0,11.0,100.0,64.7,-0.71,-0.64,-2.01,-0.35,-0.92,28
2021,S Swaminathan,Dindigul Dragons,6.69,8,8,42,5.2,3.0,107.7,125.8,-1.54,-0.36,-0.55,-1.36,-0.95,29
2021,Muhammed Adnan Khan,Trichy Grand Cholas,4.42,7,7,107,15.3,9.0,108.1,14.3,-0.09,-0.35,-3.21,-0.6,-1.06,30
2022,Ramsingh  Sanjay Yadav,Nellai Royal Kings,4.2,9,9,452,50.2,55.0,186.8,230.6,3.73,1.7,1.44,4.21,2.77,1
2022,Guruswamy Ajitesh,Nellai Royal Kings,5.75,5,5,129,25.8,17.0,243.4,266.7,0.95,3.26,2.16,0.29,1.66,2
2022,Masood Shahrukh Khan,Lyca Kovai Kings,5.62,8,8,187,23.4,20.5,164.0,209.3,0.67,1.08,1.02,0.65,0.86,3
2022,Uthirasamy Sasidev,Chepauk Super Gillies,4.83,8,8,204,25.5,15.0,132.5,200.0,0.91,0.21,0.84,0.08,0.51,4
2022,Rajendran Vivek,Dindigul Dragons,5.78,6,6,107,17.8,9.0,150.7,225.0,0.04,0.71,1.33,-0.54,0.39,5
2022,Tushar Raheja,IDream Tiruppur Tamizhans,5.59,6,6,124,20.7,19.0,124.0,192.3,0.36,-0.02,0.69,0.49,0.38,6
2022,Ramsingh Sonu Yadav,Chepauk Super Gillies,4.58,6,6,107,17.8,19.0,152.9,166.7,0.04,0.77,0.18,0.49,0.37,7
2022,Maan K Bafna,IDream Tiruppur Tamizhans,4.58,7,7,182,26.0,26.0,107.1,141.5,0.97,-0.49,-0.32,1.22,0.35,8
2022,N Sarangarajan Chaturved,Siechem Madurai Panthers,4.22,8,8,180,22.5,15.5,136.4,135.3,0.57,0.32,-0.44,0.13,0.15,9
2022,Poovathinga Shijit Chandran,Lyca Kovai Kings,4.03,6,6,76,12.7,13.0,104.1,220.0,-0.55,-0.57,1.24,-0.13,-0.0,10
2022,U Mukilesh,Lyca Kovai Kings,4.97,7,7,124,17.7,6.0,144.2,166.7,0.03,0.53,0.18,-0.85,-0.03,11
2022,S Rithik Easwaran,Siechem Madurai Panthers,5.08,4,4,59,14.8,8.0,118.0,200.0,-0.31,-0.19,0.84,-0.64,-0.07,12
2022,Rajagopal Sathish,Chepauk Super Gillies,5.62,8,8,80,10.0,6.5,148.1,183.3,-0.85,0.64,0.51,-0.8,-0.12,13
2022,Karaparambil Satish Monish,Dindigul Dragons,6.83,4,4,54,13.5,10.5,145.9,142.9,-0.45,0.58,-0.29,-0.38,-0.14,14
2022,Adithya Ganesh,Trichy Grand Cholas,4.32,5,5,103,20.6,15.0,105.1,131.0,0.36,-0.54,-0.52,0.08,-0.16,15
2022,Daryl Sunder Ferrario,SKM Salem Spartans,4.16,7,7,144,20.6,13.0,107.5,129.4,0.35,-0.48,-0.56,-0.13,-0.2,16
2022,Ravisrinivasan Sai Kishore,Chepauk Super Gillies,4.49,5,5,111,22.2,19.0,124.7,50.0,0.54,-0.0,-2.13,0.49,-0.27,17
2022,Baba Indrajith,Nellai Royal Kings,4.75,7,7,91,13.0,9.0,112.3,169.2,-0.51,-0.34,0.23,-0.54,-0.29,18
2022,RS Mokit Hariharan,Dindigul Dragons,4.88,6,6,68,11.3,7.0,113.3,187.5,-0.7,-0.32,0.59,-0.75,-0.29,19
2022,Andimani Ganga Pradeep,Dindigul Dragons,4.43,4,4,42,10.5,8.5,123.5,133.3,-0.79,-0.04,-0.48,-0.59,-0.47,20
2022,Murugan Ashwin,SKM Salem Spartans,5.58,7,7,93,13.3,11.0,108.1,116.7,-0.48,-0.46,-0.81,-0.33,-0.52,21
2022,Jagatheesan Kousik,Siechem Madurai Panthers,4.96,8,8,102,12.8,11.5,93.6,118.4,-0.54,-0.86,-0.77,-0.28,-0.61,22
2022,P Francis Rokins,IDream Tiruppur Tamizhans,4.93,4,4,55,13.8,15.0,68.8,125.0,-0.42,-1.54,-0.64,0.08,-0.63,23
2022,Ravi Karthikeyan,SKM Salem Spartans,5.4,5,5,63,12.6,12.0,96.9,100.0,-0.55,-0.77,-1.14,-0.23,-0.67,24
2022,S Abishiek,SKM Salem Spartans,5.45,7,7,85,12.1,13.0,81.0,82.5,-0.61,-1.21,-1.48,-0.13,-0.86,25
2022,R Rajkumar,IDream Tiruppur Tamizhans,4.97,6,6,36,6.0,5.5,105.9,115.8,-1.31,-0.52,-0.83,-0.9,-0.89,26
2022,Selvam Suresh Kumar,IDream Tiruppur Tamizhans,5.37,4,4,18,4.5,4.5,72.0,114.3,-1.48,-1.45,-0.86,-1.0,-1.2,27
2023,Sunny Sandhu,SKM Salem Spartans,5.17,5,5,182,36.4,29.0,137.9,175.0,2.88,0.4,0.37,2.06,1.42,1
2023,C Sarath Kumar,Dindigul Dragons,6.4,5,5,137,27.4,25.0,163.1,170.6,1.51,1.32,0.3,1.49,1.15,2
2023,S Rithik Easwaran,Nellai Royal Kings,4.65,8,8,152,19.0,18.0,165.2,276.9,0.24,1.4,2.03,0.49,1.04,3
2023,Masood Shahrukh Khan,Lyca Kovai Kings,5.73,7,7,133,19.0,17.0,190.0,200.0,0.24,2.31,0.77,0.35,0.92,4
2023,Atheeq Ur Rahman,Lyca Kovai Kings,5.68,5,5,122,24.4,19.0,164.9,176.3,1.05,1.39,0.39,0.63,0.87,5
2023,Jafar Jamal,Trichy Grand Cholas,4.53,6,6,142,23.7,7.5,167.1,255.6,0.94,1.47,1.68,-1.01,0.77,6
2023,U Mukilesh,Lyca Kovai Kings,4.61,8,8,202,25.2,24.0,122.4,170.0,1.18,-0.17,0.29,1.35,0.66,7
2023,Vijay Shankar,IDream Tiruppur Tamizhans,4.25,6,6,144,24.0,28.0,130.9,125.7,0.99,0.14,-0.44,1.92,0.65,8
2023,Washington Sundar,Siechem Madurai Panthers,4.86,5,5,119,23.8,18.0,138.4,180.8,0.96,0.41,0.46,0.49,0.58,9
2023,Adithya Ganesh,Dindigul Dragons,4.0,9,9,195,21.7,19.0,125.8,182.4,0.64,-0.05,0.49,0.63,0.43,10
2023,Ramsingh  Sanjay Yadav,Chepauk Super Gillies,4.17,7,7,102,14.6,15.0,115.9,258.3,-0.44,-0.41,1.72,0.06,0.24,11
2023,Daryl Sunder Ferrario,Trichy Grand Cholas,4.41,7,7,154,22.0,21.0,119.4,115.4,0.69,-0.28,-0.6,0.92,0.18,12
2023,Swapnil Singh,Siechem Madurai Panthers,4.79,8,8,150,18.8,15.5,131.6,165.2,0.2,0.16,0.21,0.14,0.18,13
2023,Balchander Anirudh,IDream Tiruppur Tamizhans,4.69,7,7,125,17.9,15.0,133.0,160.4,0.06,0.22,0.13,0.06,0.12,14
2023,Subodh Bhati,Dindigul Dragons,6.12,6,6,88,14.7,12.0,151.7,152.8,-0.42,0.9,0.01,-0.36,0.03,15
2023,Ramsingh Sonu Yadav,Nellai Royal Kings,5.55,7,7,115,16.4,17.0,123.7,125.0,-0.16,-0.13,-0.45,0.35,-0.09,16
2023,Rajendran Vivek,IDream Tiruppur Tamizhans,4.99,7,7,87,12.4,11.0,131.8,148.6,-0.76,0.17,-0.06,-0.51,-0.29,17
2023,R Rajkumar,Trichy Grand Cholas,6.91,7,7,90,12.9,3.0,121.6,200.0,-0.7,-0.2,0.77,-1.65,-0.44,18
2023,Laxmesha Suryaprakash,Nellai Royal Kings,4.34,6,6,86,14.3,16.0,143.3,0.0,-0.47,0.6,-2.48,0.21,-0.54,19
2023,Akash Sumra,SKM Salem Spartans,4.39,5,5,61,12.2,10.0,110.9,142.9,-0.8,-0.59,-0.16,-0.65,-0.55,20
2023,S Harish Kumar,Chepauk Super Gillies,6.07,7,7,86,12.3,9.0,108.9,147.8,-0.78,-0.67,-0.08,-0.79,-0.58,21
2023,Uthirasamy Sasidev,Chepauk Super Gillies,7.0,6,6,80,13.3,11.0,111.1,114.9,-0.63,-0.59,-0.61,-0.51,-0.58,22
2023,R Ram Arvindh,Lyca Kovai Kings,5.06,9,9,90,10.0,3.0,130.4,161.5,-1.13,0.12,0.15,-1.65,-0.63,23
2023,S Sri Abisek,Siechem Madurai Panthers,4.9,5,5,71,14.2,17.0,112.7,25.0,-0.49,-0.53,-2.07,0.35,-0.69,24
2023,K Mani Bharathi,Trichy Grand Cholas,4.16,5,5,90,18.0,2.0,102.3,128.6,0.08,-0.91,-0.39,-1.79,-0.75,25
2023,K Deeban Lingesh,Siechem Madurai Panthers,5.79,4,4,38,9.5,9.0,84.4,,-1.21,-1.56,0.0,-0.79,-0.89,26
2023,RS Mokit Hariharan,SKM Salem Spartans,4.51,5,5,60,12.0,14.0,90.9,50.0,-0.83,-1.33,-1.67,-0.08,-0.98,27
2023,S Abishiek,SKM Salem Spartans,5.5,6,6,46,7.7,8.0,74.2,175.0,-1.49,-1.94,0.37,-0.93,-1.0,28
2023,Wenseslaus Antony Dhas,Trichy Grand Cholas,6.51,7,7,59,8.4,9.0,81.9,84.2,-1.37,-1.65,-1.11,-0.79,-1.23,29
2024,Masood Shahrukh Khan,Lyca Kovai Kings,5.31,7,7,225,32.1,50.0,182.9,250.9,1.91,1.59,2.04,3.3,2.21,1
2024,Pradosh Ranjan Paul,Chepauk Super Gillies,4.08,6,6,222,37.0,34.5,134.5,161.4,2.49,0.04,0.17,1.92,1.15,2
2024,Ramsingh  Sanjay Yadav,Trichy Grand Cholas,5.4,7,7,226,32.3,24.0,148.7,201.9,1.92,0.49,1.02,0.97,1.1,3
2024,Jafar Jamal,Trichy Grand Cholas,5.78,6,6,177,29.5,35.5,141.6,175.8,1.59,0.26,0.47,2.0,1.08,4
2024,Abhishek Baljeetsingh Tanwar,Chepauk Super Gillies,6.88,7,7,96,13.7,10.0,223.3,223.3,-0.3,2.89,1.46,-0.28,0.94,5
2024,Ramsingh Sonu Yadav,Nellai Royal Kings,6.08,6,6,118,19.7,16.0,163.9,205.7,0.41,0.98,1.1,0.26,0.69,6
2024,S Mohamed Ali,IDream Tiruppur Tamizhans,5.44,8,8,173,21.6,22.5,141.8,174.3,0.65,0.27,0.44,0.84,0.55,7
2024,U Mukilesh,Lyca Kovai Kings,4.43,8,8,195,24.4,17.5,122.6,161.5,0.98,-0.35,0.17,0.39,0.3,8
2024,S Ganesh,IDream Tiruppur Tamizhans,6.13,8,8,167,20.9,13.5,127.5,166.7,0.56,-0.19,0.28,0.03,0.17,9
2024,Uthirasamy Sasidev,Siechem Madurai Panthers,5.77,6,6,89,14.8,13.5,141.3,172.2,-0.17,0.25,0.4,0.03,0.13,10
2024,N Sarangarajan Chaturved,Siechem Madurai Panthers,5.05,6,6,75,12.5,9.0,141.5,190.5,-0.44,0.26,0.78,-0.37,0.06,11
2024,Nidhish S Rajagopal,Nellai Royal Kings,4.45,6,6,91,15.2,9.0,119.7,200.0,-0.13,-0.44,0.98,-0.37,0.01,12
2024,Atheeq Ur Rahman,Lyca Kovai Kings,6.34,6,6,81,13.5,10.5,150.0,148.4,-0.33,0.53,-0.1,-0.24,-0.03,13
2024,Daryl Sunder Ferrario,Chepauk Super Gillies,5.02,7,7,67,9.6,4.0,136.7,209.5,-0.8,0.11,1.18,-0.82,-0.08,14
2024,S Rithik Easwaran,Nellai Royal Kings,5.51,6,6,108,18.0,8.5,133.3,142.1,0.21,-0.0,-0.23,-0.41,-0.11,15
2024,P Saravanan,Siechem Madurai Panthers,6.42,5,5,60,12.0,7.0,162.2,134.6,-0.5,0.92,-0.39,-0.55,-0.13,16
2024,Muhammed Adnan Khan,SKM Salem Spartans,5.13,5,5,86,17.2,10.0,128.4,133.3,0.12,-0.16,-0.42,-0.28,-0.19,17
2024,Sunny Sandhu,SKM Salem Spartans,6.32,5,5,61,12.2,10.0,135.6,147.4,-0.48,0.07,-0.12,-0.28,-0.2,18
2024,S Dinesh Raj,Dindigul Dragons,6.96,6,6,40,6.7,2.5,160.0,172.7,-1.14,0.85,0.41,-0.95,-0.21,19
2024,R Ram Arvindh,Lyca Kovai Kings,5.48,6,6,86,14.3,12.5,104.9,147.6,-0.23,-0.92,-0.12,-0.06,-0.33,20
2024,C Sarath Kumar,Dindigul Dragons,5.15,8,8,92,11.5,10.5,127.8,118.9,-0.56,-0.18,-0.72,-0.24,-0.42,21
2024,NS Harish,Nellai Royal Kings,5.29,6,6,73,12.2,9.5,135.2,92.9,-0.48,0.06,-1.26,-0.32,-0.5,22
2024,Boopathi Vaishna Kumar,Dindigul Dragons,4.47,9,9,94,10.4,3.0,128.8,114.8,-0.69,-0.15,-0.8,-0.91,-0.64,23
2024,Laxmesha Suryaprakash,Nellai Royal Kings,5.29,4,4,51,12.8,4.0,100.0,128.0,-0.41,-1.08,-0.53,-0.82,-0.71,24
2024,C Andre Siddarth,Chepauk Super Gillies,5.23,5,5,62,12.4,9.0,100.0,76.5,-0.46,-1.08,-1.61,-0.37,-0.88,25
2024,Poovathinga Shijit Chandran,SKM Salem Spartans,5.79,4,4,31,7.8,5.0,81.6,114.3,-1.01,-1.67,-0.81,-0.73,-1.06,26
2024,Ravisrinivasan Sai Kishore,IDream Tiruppur Tamizhans,5.6,7,7,43,6.1,2.0,100.0,92.3,-1.21,-1.08,-1.27,-1.0,-1.14,27
2024,SJ Arun Kumar,Nellai Royal Kings,5.56,4,4,15,3.8,4.5,62.5,33.3,-1.49,-2.28,-2.51,-0.77,-1.76,28
2025,Masood Shahrukh Khan,Lyca Kovai Kings,5.04,7,7,218,31.1,25.0,166.4,233.3,1.89,1.07,1.33,1.31,1.4,1
2025,R Rajkumar,Trichy Grand Cholas,6.7,8,8,200,25.0,20.0,198.0,201.6,1.03,2.13,0.71,0.7,1.14,2
2025,Atheeq Ur Rahman,Siechem Madurai Panthers,4.54,7,7,202,28.9,36.0,132.9,169.2,1.57,-0.05,0.08,2.67,1.07,3
2025,Vijay Shankar,Chepauk Super Gillies,4.1,9,9,251,27.9,28.0,154.0,181.5,1.43,0.66,0.32,1.68,1.02,4
2025,R Vimal Khumar,Dindigul Dragons,4.62,9,9,240,26.7,24.0,142.9,221.2,1.26,0.28,1.1,1.19,0.96,5
2025,Uthirasamy Sasidev,IDream Tiruppur Tamizhans,5.37,5,5,115,23.0,18.0,182.5,212.8,0.75,1.61,0.93,0.45,0.94,6
2025,Narayan Jagadeesan,Chepauk Super Gillies,4.04,7,7,180,25.7,13.0,173.1,166.7,1.13,1.29,0.03,-0.16,0.57,7
2025,Hunny Saini,Dindigul Dragons,5.55,10,10,162,16.2,13.0,182.0,208.1,-0.2,1.59,0.84,-0.16,0.52,8
2025,S Rithik Easwaran,Nellai Royal Kings,4.96,7,7,104,14.9,12.0,131.6,300.0,-0.39,-0.09,2.64,-0.29,0.47,9
2025,Ramsingh Sonu Yadav,Nellai Royal Kings,6.28,6,6,133,22.2,19.0,133.0,167.5,0.64,-0.05,0.05,0.57,0.3,10
2025,Ramsingh  Sanjay Yadav,Trichy Grand Cholas,5.06,8,8,196,24.5,19.0,117.4,164.6,0.96,-0.57,-0.01,0.57,0.24,11
2025,NS Harish,Nellai Royal Kings,5.75,6,6,98,16.3,9.0,160.7,211.1,-0.18,0.88,0.9,-0.66,0.24,12
2025,Swapnil Singh,Chepauk Super Gillies,6.0,6,6,85,14.2,7.5,166.7,207.7,-0.48,1.08,0.83,-0.84,0.15,13
2025,C Andre Siddarth,Lyca Kovai Kings,4.69,7,7,131,18.7,21.0,107.4,178.6,0.15,-0.9,0.26,0.82,0.08,14
2025,Sunny Sandhu,SKM Salem Spartans,5.47,7,7,129,18.4,15.0,144.9,148.6,0.11,0.35,-0.32,0.08,0.06,15
2025,Pradosh Ranjan Paul,IDream Tiruppur Tamizhans,4.28,6,6,146,24.3,23.0,108.1,113.3,0.94,-0.88,-1.01,1.07,0.03,16
2025,Jafar Jamal,Trichy Grand Cholas,5.94,8,8,127,15.9,12.0,147.7,165.9,-0.24,0.44,0.02,-0.29,-0.02,17
2025,S Mohamed Ali,IDream Tiruppur Tamizhans,4.75,7,7,100,14.3,16.0,137.0,166.7,-0.47,0.09,0.03,0.2,-0.04,18
2025,Rajendran Vivek,SKM Salem Spartans,5.14,7,7,60,8.6,2.0,127.7,200.0,-1.26,-0.22,0.68,-1.52,-0.58,19
2025,S Ganesh,Siechem Madurai Panthers,5.24,4,4,41,10.2,12.0,113.9,141.7,-1.03,-0.68,-0.46,-0.29,-0.61,20
2025,PS Nirmal Kumar,Nellai Royal Kings,4.04,5,5,74,14.8,10.0,105.7,120.0,-0.39,-0.96,-0.88,-0.53,-0.69,21
2025,KT Madhava Prasad,Lyca Kovai Kings,6.92,4,4,44,11.0,10.5,112.8,121.4,-0.92,-0.72,-0.85,-0.47,-0.74,22
2025,C Sarath Kumar,Siechem Madurai Panthers,6.24,5,5,80,16.0,8.0,90.9,113.6,-0.23,-1.45,-1.0,-0.78,-0.87,23
2025,Dinesh H,Dindigul Dragons,6.36,4,4,25,6.2,4.0,119.0,137.5,-1.59,-0.51,-0.54,-1.27,-0.98,24
2025,Maan K Bafna,Dindigul Dragons,4.35,6,6,61,10.2,3.5,117.3,100.0,-1.04,-0.57,-1.27,-1.33,-1.05,25
2025,Murugan Ashwin,Siechem Madurai Panthers,6.69,6,6,68,11.3,7.0,89.5,97.1,-0.88,-1.5,-1.33,-0.9,-1.15,26
2025,U Mukilesh,Trichy Grand Cholas,6.09,7,7,57,8.1,7.0,89.1,110.5,-1.32,-1.51,-1.06,-0.9,-1.2,27
2025,S Guru Raghavendran,Lyca Kovai Kings,4.95,5,5,43,8.6,7.0,110.3,60.0,-1.26,-0.81,-2.05,-0.9,-1.25,28
