"# ","Player ","Group ","Team ","Mat ","Inns ","NO ","Runs ","4's ","6's ","50's ","100's ","HS ","SR ","Avg ","Points "
"1","Dhaivat Patel","A","Pway Lions","12","12","1","493","33","50","2","2","137","229.30","44.82","755"
"2","Monang Shah","A","Sreeshti","11","11","0","440","40","33","2","1","108","188.84","40.00","674"
"3","Calvin Dabre","B","Aryans","12","12","3","389","14","39","3","0","86","149.04","43.22","587"
"4","Ankit Chopra","B","Fdu Giants","15","15","0","363","22","28","3","0","84","135.45","24.20","501"
"5","Nirav Patel","B","Jetha 11","14","14","1","361","38","21","2","0","98","160.44","27.77","537"
"6","Naveen Byrappa","A","Desi Warriors","15","15","4","347","33","15","2","0","75","109.12","31.55","468"
"7","Dipal Patel","B","Jetha 11","14","13","2","339","15","39","4","0","82","168.66","30.82","537"
"8","Aditya Rathor","B","Veerans","14","13","1","323","12","31","3","0","71","135.15","26.92","483"
"9","Imran Raja","B","Nj Stars CC","14","14","1","315","17","29","2","0","59","136.36","24.23","464"
"10","Kamalraj Rajamanickam","B","Veerans","14","14","5","311","24","22","0","0","44","135.81","34.56","441"
"11","Naveen R Sripathi","A","Samudhra Gladiators","14","13","1","291","6","30","1","0","60","141.95","24.25","429"
"12","Aakash Patel","A","Warriors","15","14","4","290","12","31","2","0","57","160.22","29.00","457"
"13","Satya Tarun Reddy","B","Blue Aces CC","14","14","0","289","18","30","1","0","59","158.79","20.64","443"
"14","Aniket Dalal","A","Hudson Hurricanes","15","15","2","288","20","11","1","0","86","112.06","22.15","362"
"15","Baseer Ahmed Mohammed","A","RHG","13","13","2","283","25","13","2","0","72","121.46","25.73","397"
"16","Neel Patel","A","Pway Lions","13","13","1","271","18","28","2","0","76","180.67","22.58","439"
"17","Jeet Patel","A","Warriors","14","13","3","251","16","23","1","0","61","147.65","25.10","373"
"18","Rizwan Ahmed","A","PUNJAB XI","10","10","0","251","25","12","0","0","49","128.06","25.10","348"
"19","Durlove Mohanty","B","Juggernaut","13","13","0","247","23","16","1","0","68","108.81","19.00","339"
"20","Jemin Amin","A","Mercer Challengers","13","13","0","247","16","20","0","0","47","101.23","19.00","328"
"21","Chintan SR","A","Gcc","14","14","0","243","16","26","0","0","49","116.83","17.36","352"
"22","Avi Shah","A","Gujarat United XI","14","14","3","243","7","26","0","0","49","110.45","22.09","330"
"23","Gaurav Darji","A","Jersey Titans","12","12","2","242","17","16","1","0","50","82.03","24.20","302"
"24","Akram Abubakar","B","Nj Stars CC","13","13","1","241","16","19","1","0","67","132.42","20.08","345"
"25","Kirtan Patel","A","Warriors","12","12","0","235","25","13","1","0","52","153.59","19.58","360"
"26","Divyesh Dobaria","A","Nj Braves","12","12","3","234","18","20","0","0","44","149.04","26.00","357"
"27","Ravi Shah","B","Jersey Boys","13","13","3","234","25","8","0","0","48","101.30","23.40","297"
"28","Suresh Ganesan","A","Team Highlanders","14","14","0","228","17","14","0","0","42","84.76","16.29","271"
"29","Rohit Ranjan","A","Plainsboro Knights","14","14","1","227","13","19","1","0","73","100.89","17.46","305"
"30","Jay Domadiya","A","Jersey Titans","14","14","1","226","30","11","1","0","53","134.52","17.38","343"
"31","Savan Patel","A","RHG","14","13","1","224","11","18","0","0","44","128.74","18.67","315"
"32","Lovely Singh","A","PUNJAB XI","13","13","0","223","11","25","1","0","71","142.95","17.15","334"
"33","Tauseef Ahmed","A","Youth For Sewa","13","11","3","219","19","10","1","0","69","116.49","27.38","293"
"34","Rigved Nagarkar","A","Desi Warriors","14","14","0","215","16","11","0","0","49","116.85","15.36","285"
"35","Jasmeet Singh","A","PUNJAB XI","12","12","2","210","5","25","0","0","35","125.00","21.00","302"
"36","Urjit Patel (gcc)","A","Gcc","14","14","1","209","14","16","1","0","52","121.51","16.08","293"
"37","Karan P","B","Juggernaut","15","15","2","207","16","9","0","0","43","100.98","15.92","257"
"38","Kinjal Patel","B","Jersey Boys","13","13","0","206","14","15","0","0","40","127.95","15.85","290"
"39","Sajjad Faisal Syed","B","Nj Tigers","11","10","1","203","17","13","1","0","51","105.18","22.56","276"
"40","Naveen Rayal","B","Parsippany Phoenix XI","15","15","1","202","17","17","0","0","37","117.44","14.43","286"
"41","Fenil Shah","B","Jersey Boys","12","11","5","200","22","8","0","0","39","130.72","33.33","277"
"42","Thiyagarajan Dhakshinamoorthy","B","Gryffindors","15","15","0","200","13","17","0","0","45","109.29","13.33","268"
"43","Usman Bajwa","A","Newport CC","12","11","3","199","18","14","0","0","36","144.20","24.88","295"
"44","Narender Reddy Bojja","A","Newport CC","12","12","3","199","17","12","1","0","60","119.88","22.11","285"
"45","Rahul Patel","B","11spartans","13","13","2","198","12","17","0","0","48","122.98","18.00","279"
"46","Rimal Patel","B","Piscataway Avengers","15","15","1","196","20","7","0","0","27","111.36","14.00","266"
"47","Munazam Raja","B","Nj Stars CC","12","11","0","196","14","13","0","0","41","101.55","17.82","259"
"48","Prabhjeet Singh","A","Storm Riders","15","13","2","193","12","14","0","0","36","95.07","17.55","254"
"49","Dharmik Patel","A","Warriors","11","10","1","192","16","17","1","0","67","174.55","21.33","302"
"50","Harshad Patil","A","Samudhra Gladiators","15","13","2","192","4","20","0","0","45","134.27","17.45","282"
"51","Eswar Vennapusa","A","Youth For Sewa","14","14","2","192","20","9","0","0","40","121.52","16.00","262"
"52","Sumit Panda","A","Gujarat United XI","13","13","1","188","13","7","0","0","36","100.53","15.67","234"
"53","Dharmesh Patel","B","Piscataway Avengers","13","10","2","187","11","17","1","0","63","150.81","23.38","283"
"54","srinath gentyala","A","Falcons","14","14","1","187","16","10","0","0","41","95.90","14.38","234"
"55","sandeep shetty","A","Samudhra Gladiators","15","15","2","186","3","18","0","0","29","108.14","14.31","256"
"56","Sukhwinder Singh","A","PUNJAB XI","13","13","5","185","8","19","0","0","43","155.46","23.12","284"
"57","Vrajesh Patel","B","Piscataway Avengers","12","11","0","185","18","3","0","0","36","98.40","16.82","218"
"58","Sujesh Nair","B","F5","12","12","0","184","11","11","0","0","36","103.95","15.33","238"
"59","Sachin Rathod","A","Hudson Hurricanes","12","11","4","183","9","13","0","0","41","99.46","26.14","230"
"60","Niraj Patel","B","Piscataway Avengers","14","12","3","182","8","19","0","0","36","158.26","20.22","276"
"61","Darshil Mistry","B","Rowdy Rebels","13","13","3","178","5","17","0","0","30","114.84","17.80","236"
"62","Mrudul Ghagor","B","Blue Aces CC","7","7","1","174","10","17","1","0","93","193.33","29.00","261"
"63","Jai Ganesh Dillibabu","A","Desi Warriors","12","12","1","174","12","12","1","0","76","98.86","15.82","226"
"64","Vijay Narayanan Nadar","A","Team Highlanders","10","8","1","173","8","17","1","0","62","171.29","24.71","268"
"65","Mitul Patel","A","Warriors","12","11","0","173","22","7","1","0","86","138.40","15.73","236"
"66","Muhammad Haseeb","B","Nj Stars CC","15","15","5","172","5","15","0","0","37","121.99","17.20","228"
"67","Bharath Reddy","B","Plainsboro Eagles","13","13","0","172","7","11","0","0","35","100.58","13.23","210"
"68","Swar Shah","A","Nj Braves","11","11","1","171","15","8","0","0","40","111.76","17.10","226"
"69","Sourabh Guha","B","Aryans","13","12","1","170","16","8","1","0","74","124.09","15.45","236"
"70","Abhishek Patel","A","Warriors","14","13","5","169","8","20","0","0","44","157.94","21.12","267"
"71","Satish Kasireddy","A","Youth For Sewa","15","13","2","169","16","11","1","0","52","133.07","15.36","250"
"72","Mahesh Nagappa","A","Sreeshti","14","13","2","169","10","14","1","0","53","103.05","15.36","226"
"73","Pavan Poojar","A","Hudson Hurricanes","14","13","2","165","10","10","0","0","40","113.79","15.00","217"
"74","Rishab Shirur","B","Rowdy Rebels","11","11","2","163","10","12","0","0","34","100.00","18.11","209"
"75","Amol Rukmangad","B","Blue Aces CC","12","12","1","163","16","5","0","0","38","87.63","14.82","186"
"76","Rakesh Kar","A","Desi Warriors","15","14","5","162","6","15","0","0","31","107.28","18.00","215"
"77","Saikumar Katepalli","A","Newport CC","11","11","0","161","11","14","0","0","34","162.63","14.64","240"
"78","Harshu Patel","A","Blasters","12","11","0","160","9","11","0","0","49","108.84","14.55","210"
"79","Siva Chirumamilla","B","WCC","9","8","4","158","10","11","1","0","56","121.54","39.50","222"
"80","Suman K","B","Parsippany Phoenix XI","9","9","0","158","8","12","0","0","42","94.61","17.56","202"
"81","Amol Manjrekar","A","Sreeshti","14","14","0","158","14","5","0","0","31","90.29","11.29","178"
"82","Akshar Patel","A","Pway Lions","10","8","0","157","6","19","1","0","51","148.11","19.62","250"
"83","Aman Singh","A","Hudson Hurricanes","13","13","0","157","9","7","0","0","42","91.81","12.08","188"
"84","nuvan t","A","RHG","14","12","2","156","12","14","1","0","54","139.29","15.60","229"
"85","Bhavik Patel","A","Pway Lions","12","11","1","156","4","14","0","0","39","113.87","15.60","210"
"86","Manthan Patel","A","Blasters","12","12","0","154","17","8","0","0","48","135.09","12.83","215"
"87","Subramaniam Sampath","B","F5","12","12","1","154","5","12","0","0","45","108.45","14.00","201"
"88","Hassan Anjum","A","Team Highlanders","11","11","1","154","21","2","0","0","31","99.35","15.40","197"
"89","Shalin Patel","B","Edison Rebelz","12","12","2","154","14","6","0","0","47","89.02","15.40","188"
"90","Gunjan Patel","A","Blasters","12","12","3","151","11","11","0","0","37","136.04","16.78","219"
"91","Dhaval Patel","A","Gcc","11","9","1","151","17","0","0","0","31","83.43","18.88","166"
"92","Allan Dabre","B","Aryans","14","14","0","151","15","7","0","0","35","79.47","10.79","169"
"93","Ram V","A","Youth For Sewa","11","10","1","150","13","7","1","0","54","148.51","16.67","227"
"94","Kush Choksi","A","Pway Lions","6","6","2","149","6","17","1","0","56","188.61","37.25","244"
"95","Srikant P","B","Edison Rebelz","12","11","0","148","7","12","0","0","42","132.14","13.45","209"
"96","Nahid Sarkar","B","WCC","14","12","2","148","5","11","0","0","35","94.87","14.80","178"
"97","Nish Patel","A","Pway Lions","10","7","1","147","3","19","1","0","59","153.12","24.50","228"
"98","Ashish Shetty","A","Samudhra Gladiators","12","12","0","146","11","6","0","0","36","89.02","12.17","168"
"99","Joydeep Das","B","Aryans","13","12","1","143","17","4","0","0","34","106.72","13.00","185"
"100","Jay Trivedi","B","11spartans","12","12","1","143","11","9","0","0","44","100.00","13.00","185"
"101","Ravin Patel","A","Jersey Titans","14","13","2","143","12","4","0","0","28","82.18","13.00","157"
"102","Neel Patel","A","Warriors","6","6","0","142","3","19","1","0","51","194.52","23.67","231"
"103","Sabeel Shaikh","A","Storm Riders","12","9","5","142","12","10","1","0","55","156.04","35.50","212"
"104","Devashya Patel","B","Juggernaut","14","13","0","141","11","7","0","0","28","99.30","10.85","178"
"105","Shashank Sinha","A","Plainsboro Knights","8","8","1","141","12","6","0","0","41","87.58","20.14","169"
"106","Manan Patel","B","Juggernaut","15","15","3","139","5","14","0","0","38","110.32","11.58","192"
"107","Prabhakar Vudumula","B","Blue Aces CC","14","13","1","139","9","5","0","0","37","81.76","11.58","140"
"108","Pratik Patel (savali)","B","11spartans","10","9","1","138","10","11","1","0","61","128.97","17.25","211"
"109","Pankaj Jhamb","A","Team Highlanders","9","8","2","138","12","3","0","0","44","96.50","23.00","168"
"110","Vinoth Suseendran","A","Nj Braves","13","13","2","137","10","6","0","0","25","85.09","12.45","161"
"111","Rahil Shah","A","RHG","14","14","2","136","12","6","0","0","42","92.52","11.33","159"
"112","Kishan Patel","B","Gryffindors","10","10","1","135","6","10","0","0","45","117.39","15.00","182"
"113","kevin shah","A","RHG","13","11","1","135","12","7","0","0","28","113.45","13.50","184"
"114","Sunny Patel","A","Jersey Titans","13","12","3","135","5","14","0","0","27","110.66","15.00","189"
"115","Vikul Rajpara","B","Jersey Boys","15","11","2","135","13","3","0","0","36","100.00","15.00","170"
"116","Sanket Kulkarni","B","Gryffindors","13","13","0","135","8","7","0","0","44","88.82","10.38","154"
"117","Sai ritheesh Sudham","A","Falcons","12","12","1","134","7","9","0","0","25","117.54","12.18","194"
"118","Bhargav Reddy Napa","B","Plainsboro Eagles","13","13","1","134","11","7","0","0","41","108.06","11.17","181"
"119","Apurv Jain","A","Storm Riders","14","10","0","131","10","10","0","0","40","112.93","13.10","185"
"120","Sandeep Mistry","B","Edison Rebelz","13","13","1","131","11","8","0","0","30","100.00","10.92","165"
"121","Yokesh Rajaram","A","Team Highlanders","13","11","4","129","9","8","0","0","35","118.35","18.43","184"
"122","Sherry Singh","B","Piscataway Avengers","14","11","2","127","6","12","1","0","54","114.41","14.11","192"
"123","Jenish Shah","A","Nj Braves","14","14","1","127","13","2","0","0","34","92.70","9.77","151"
"124","Sheshank Reddy","A","Mercer Challengers","14","14","0","126","6","11","0","0","24","94.74","9.00","171"
"125","Lokesh Prabakaran","A","Plainsboro Knights","13","12","3","125","6","10","0","0","30","115.74","13.89","170"
"126","Rohith Reddy","A","Youth For Sewa","13","10","2","125","8","8","0","0","38","103.31","15.62","163"
"127","Shravan Manne","A","Falcons","14","14","1","125","8","6","0","0","18","88.65","9.62","145"
"128","Rajendra prasad Challa","B","Blue Aces CC","9","8","2","124","4","13","0","0","44","161.04","20.67","190"
"129","Summit Vaid","B","Maha CC","11","10","1","122","6","11","0","0","42","108.93","13.56","159"
"130","sairam Raavi","A","Falcons","13","11","2","122","11","4","0","0","28","85.92","13.56","140"
"131","Sajeel Ahmed","B","Nj Stars CC","13","10","3","121","9","10","0","0","37","101.68","17.29","155"
"132","Soham Brahmbhatt","B","11spartans","11","10","2","121","3","10","1","0","58","97.58","15.12","154"
"133","Shri Patel","A","Pway Lions","11","9","4","120","10","7","0","0","43","127.66","24.00","163"
"134","Charanjot Singh","B","Fdu Giants","14","14","0","119","4","5","0","0","32","75.80","8.50","127"
"135","Vimalendu Kumar","B","F5","10","10","2","118","14","3","0","0","31","88.72","14.75","147"
"136","Kushal Kumar","B","Rowdy Rebels","13","12","0","118","10","6","1","0","68","87.41","9.83","139"
"137","Kashish Shah","B","Maha CC","12","11","0","117","9","9","0","0","47","117.00","10.64","157"
"138","Priyank Patel(gcc)","A","Gcc","7","7","1","116","3","14","1","0","55","145.00","19.33","189"
"139","Karan Patel","A","Gujarat United XI","13","13","2","116","9","5","1","0","50","91.34","10.55","147"
"140","Amit Jadli","B","Parsippany Phoenix XI","7","7","2","115","9","8","0","0","43","108.49","23.00","155"
"141","Viraj Jasani","A","Sreeshti","10","10","1","115","8","6","1","0","50","99.14","12.78","155"
"142","Gary Patel","B","Jetha 11","13","11","3","114","6","10","0","0","37","144.30","14.25","172"
"143","Madhur Kaushik","B","Jersey Boys","11","9","3","114","7","7","0","0","35","126.67","19.00","154"
"144","Haren Patel","B","Jetha 11","10","10","2","113","6","9","0","0","38","141.25","14.12","175"
"145","Shubham Pawar","A","Hudson Hurricanes","13","12","1","112","2","12","0","0","34","103.70","10.18","165"
"146","Upjeet Singh","A","RHG","4","4","2","111","5","13","0","0","47","241.30","55.50","181"
"147","Yasir Mohammad","B","Nj Stars CC","5","5","2","111","5","11","0","0","42","163.24","37.00","167"
"148","Nithin Ravooru","A","Team Highlanders","11","11","1","111","10","2","0","0","25","74.00","11.10","112"
"149","Arun Prasad G","A","Newport CC","13","10","2","109","7","7","0","0","44","107.92","13.62","142"
"150","Harikishore Malireddy","B","WCC","13","9","3","109","4","7","0","0","34","97.32","18.17","136"
"151","⁠Thulasi Thota","B","F5","12","12","1","109","5","9","0","0","29","90.08","9.91","137"
"152","Nirav Patel NJ","B","Jetha 11","13","13","2","109","5","6","0","0","22","71.71","9.91","107"
"153","Ravi Rathod","B","11spartans","14","14","0","108","6","10","0","0","28","138.46","7.71","161"
"154","Babar Jumani","B","Nj Tigers","7","7","0","108","5","11","1","0","55","104.85","15.43","151"
"155","Sohil Kothari","B","Gryffindors","12","12","1","108","9","2","0","0","32","78.83","9.82","119"
"156","Vikas Chaudhary","B","Jersey Boys","13","10","3","107","6","10","0","0","26","142.67","15.29","154"
"157","Sapan Parikh","A","Gcc","9","9","2","107","7","7","0","0","29","111.46","15.29","146"
"158","SUMIT SHARMA","A","Plainsboro Knights","8","8","1","107","10","5","0","0","33","97.27","15.29","126"
"159","Vikasreddy Rangapur","B","Parsippany Phoenix XI","13","13","1","107","11","3","0","0","30","79.85","8.92","108"
"160","Rafe Shaikh","A","Warriors","7","7","2","106","1","13","0","0","43","158.21","21.20","163"
"161","Sandeep Reddy Chidipudi","B","Gryffindors","11","11","1","106","5","9","0","0","42","100.00","10.60","134"
"162","Bala Kandhan","A","Newport CC","13","10","2","106","6","3","0","0","27","80.30","13.25","110"
"163","Syam Pandya","B","Jetha 11","7","6","0","105","0","13","1","0","67","156.72","17.50","167"
"164","Harish Kumar Ananthasayanam","B","Veerans","13","10","1","105","8","9","0","0","38","122.09","11.67","154"
"165","Dhruv Patel","B","Fdu Giants","10","10","0","105","7","4","0","0","24","75.00","10.50","111"
"166","Mubassir Mansuri","B","Nj Tigers","11","11","2","104","6","5","0","0","36","73.76","11.56","108"
"167","Surya Nallamilli","B","Blue Aces CC","9","9","2","103","2","10","0","0","43","135.53","14.71","141"
"168","krunal Patel","B","11spartans","11","11","0","103","8","8","0","0","32","125.61","9.36","155"
"169","Deepesh Naidu","A","Mercer Challengers","13","12","2","103","9","3","0","0","28","80.47","10.30","115"
"170","Balu Y","A","Youth For Sewa","14","11","4","102","2","12","0","0","41","129.11","14.57","144"
"171","Sai Sudhan","B","WCC","10","10","0","102","5","3","0","0","22","96.23","10.20","118"
"172","Bandiss P","B","Gryffindors","13","13","1","101","8","6","0","0","27","87.83","8.42","118"
"173","Harish Bangera","B","Gryffindors","13","13","2","100","4","8","0","0","30","101.01","9.09","122"
"174","Sundip Helchal","B","Veerans","13","12","1","100","8","3","0","0","30","82.64","9.09","113"
"175","Zoheb Khalid","B","Rowdy Rebels","12","9","1","99","7","5","0","0","31","115.12","12.38","136"
"176","Yogesh Patel","B","11spartans","11","10","2","98","8","4","0","0","30","76.56","12.25","115"
"177","Srinivas reddy Ch","B","Plainsboro Eagles","13","13","2","98","7","2","0","0","18","71.53","8.91","111"
"178","Tejdeep Maddirala","A","Samudhra Gladiators","12","12","0","98","4","4","0","0","24","71.53","8.17","93"
"179","Shreyas Najan","A","Storm Riders","10","7","4","97","3","11","0","0","29","142.65","32.33","151"
"180","Akhilesh Goud Janagam","B","Plainsboro Eagles","7","6","1","97","9","2","0","0","48","124.36","19.40","126"
"181","Rizwan Bajwa","B","Maha CC","11","10","2","96","4","8","0","0","38","98.97","12.00","125"
"182","Naveed Azam","B","Nj Tigers","11","11","0","96","5","7","0","0","33","88.07","8.73","121"
"183","Kannan Thirumoorthy","B","Veerans","6","6","0","95","4","9","0","0","46","100.00","15.83","126"
"184","Danesh Patel","A","RHG","6","6","0","94","12","4","0","0","47","151.61","15.67","132"
"185","Devadathan Biju","A","Youth For Sewa","11","11","1","94","3","10","0","0","23","125.33","9.40","139"
"186","Ronak Rana","A","Pway Lions","11","10","1","94","8","7","0","0","20","100.00","10.44","124"
"187","Rajesh Rachakonda","A","Falcons","11","11","0","94","7","5","0","0","28","93.07","8.55","123"
"188","RAJ PATEL","A","Blasters","10","10","1","94","13","0","0","0","26","81.74","10.44","105"
"189","Manikanta Arumilli","A","Falcons","12","12","1","92","1","8","0","0","26","104.55","8.36","115"
"190","Pratik Chiku Patel","B","11spartans","9","9","2","92","6","6","0","0","29","85.98","13.14","107"
"191","Danish Shaikh","B","Maha CC","11","11","1","92","4","4","0","0","31","72.44","9.20","81"
"192","Raghav Sehgal","B","WCC","8","7","1","91","5","7","0","0","37","165.45","15.17","136"
"193","Mahathiswar Kari","A","Newport CC","3","3","0","91","8","4","1","0","61","131.88","30.33","129"
"194","Rishabh Tewari","A","Storm Riders","14","7","1","91","5","7","1","0","60","92.86","15.17","110"
"195","Chinmaya Sahu","A","Plainsboro Knights","8","7","2","90","7","4","0","0","31","112.50","18.00","120"
"196","vishal Reddy Thanugundla","B","WCC","9","9","0","90","8","4","0","0","26","104.65","10.00","118"
"197","Abhishek Agrawal","A","Mercer Challengers","11","11","1","90","2","6","0","0","22","92.78","9.00","105"
"198","Gajendra Kumar","B","Aryans","11","10","2","90","7","5","0","0","20","89.11","11.25","108"
"199","Anil Poply","A","Plainsboro Knights","9","8","2","89","7","7","0","0","20","139.06","14.83","136"
"200","Jit Patel","B","Juggernaut","11","10","2","89","1","11","0","0","23","125.35","11.12","131"