#,Player,Group,Team,Matches,Catches,WK Catches,Direct RO,InDirect RO,Stumpings,Total,Points
1,Bala Kandhan,A,Newport CC,13,4,29,0,1,0,34,340
2,Rohit Ranjan,A,Plainsboro Knights,14,2,28,0,0,0,30,300
3,Siva Sivalenka,B,Blue Aces CC,14,1,26,1,0,1,29,310
4,Naveen Byrappa,A,Desi Warriors,15,0,23,1,3,1,28,300
5,Arpit Vaghasia,A,Jersey Titans,13,4,22,0,1,0,27,270
6,Sanket Kulkarni,B,Gryffindors,13,1,26,0,0,0,27,270
7,Devadathan Biju,A,Youth For Sewa,11,3,21,0,2,1,27,280
8,Pavan Poojar,A,Hudson Hurricanes,14,2,21,1,0,1,25,270
9,Prabhjeet Singh,A,Storm Riders,15,14,8,0,2,0,24,240
10,Sajjad Faisal Syed,B,Nj Tigers,11,2,21,0,0,0,23,230
11,Amol Manjrekar,A,Sreeshti,14,3,18,0,2,0,23,230
12,Vivian Pereira,A,RHG,9,1,15,0,1,5,22,270
13,Ravindar Perala,A,Falcons,13,4,18,0,0,0,22,220
14,Madhav Reddy,A,Desi Warriors,15,21,0,0,1,0,22,220
15,Kashish Shah,B,Maha CC,12,4,15,0,2,0,21,210
16,Munazam Raja,B,Nj Stars CC,12,0,20,0,0,0,20,200
17,Sanju S,A,Samudhra Gladiators,13,1,18,1,0,0,20,210
18,Charanjot Singh,B,Fdu Giants,14,0,19,0,0,0,19,190
19,Calvin Dabre,B,Aryans,12,4,10,3,0,1,18,220
20,Rahul Patel,B,11spartans,13,3,11,2,1,0,17,190
21,Prabhakar Vudumula,B,Blue Aces CC,14,15,1,1,0,0,17,180
22,Jay Domadiya,A,Jersey Titans,14,16,0,0,1,0,17,170
23,Bhavik Patel,A,Pway Lions,12,15,0,1,0,0,16,170
24,Ankit Chopra,B,Fdu Giants,15,14,1,1,0,0,16,170
25,sandeep shetty,A,Samudhra Gladiators,15,7,8,0,1,0,16,160
26,Akshay Pal,B,Jersey Boys,8,1,11,1,3,0,16,170
27,Kishan Patel,B,Jetha 11,13,7,9,0,0,0,16,160
28,Siva Chirumamilla,B,WCC,9,0,12,2,1,0,15,170
29,Ronak Rana,A,Pway Lions,11,2,13,0,0,0,15,150
30,Mitul Patel,A,Storm Riders,12,12,1,0,2,0,15,150
31,Apurv Jain,A,Storm Riders,14,3,5,0,6,1,15,160
32,krunal Patel,B,11spartans,11,13,0,1,0,0,14,150
33,Kirtan Patel,A,Warriors,12,12,0,2,0,0,14,160
34,Chintan SR,A,Gcc,14,1,9,1,1,2,14,170
35,Rohang Patel,A,Gujarat United XI,8,3,11,0,0,0,14,140
36,Arjun R,B,F5,10,2,11,1,0,0,14,150
37,Devashya Patel,B,Juggernaut,14,1,12,0,0,1,14,150
38,Jeet Patel,A,Warriors,14,12,0,2,0,0,14,160
39,Jemin Amin,A,Mercer Challengers,13,13,1,0,0,0,14,140
40,Ravi Rathod,B,11spartans,14,14,0,0,0,0,14,140
41,Kamalraj Rajamanickam,B,Veerans,14,12,0,0,2,0,14,140
42,Nikhil Patankar,B,WCC,11,4,8,0,2,0,14,140
43,Satish kumar Durgam,B,Parsippany Phoenix XI,15,11,0,1,2,0,14,150
44,Sumesh Mathew,A,Sreeshti,14,10,0,3,0,0,13,160
45,Mitesh Dhinoja,B,Jersey Boys,9,2,11,0,0,0,13,130
46,Romil Gaglani,A,Nj Braves,13,1,12,0,0,0,13,130
47,Dev Patel,B,Juggernaut,10,1,10,0,2,0,13,130
48,Rimal Patel,B,Piscataway Avengers,15,6,5,0,2,0,13,130
49,Ravin Patel,A,Jersey Titans,14,8,0,1,4,0,13,140
50,Daksh Patel,A,Gujarat United XI,14,8,1,3,0,0,12,150
51,kevin shah,A,RHG,13,7,2,2,1,0,12,140
52,Sai ritheesh Sudham,A,Falcons,12,9,0,2,1,0,12,140
53,Sajeel Ahmed,B,Nj Stars CC,13,9,0,2,1,0,12,140
54,Yokesh Rajaram,A,Team Highlanders,13,12,0,0,0,0,12,120
55,Ujjaval Patel,B,Piscataway Avengers,13,12,0,0,0,0,12,120
56,Hemant Patel,B,Juggernaut,14,11,0,1,0,0,12,130
57,Narender Reddy Bojja,A,Newport CC,12,10,0,1,1,0,12,130
58,Rigved Nagarkar,A,Desi Warriors,14,10,0,1,1,0,12,130
59,Aman Singh,A,Hudson Hurricanes,13,11,1,0,0,0,12,120
60,Vikas Chaudhary,B,Jersey Boys,13,12,0,0,0,0,12,120
61,Vrajesh Patel,B,Piscataway Avengers,12,11,0,0,1,0,12,120
62,Jeyaram Ramadoss,B,Parsippany Phoenix XI,15,8,3,0,1,0,12,120
63,Yash Solanki,B,Edison Rebelz,12,8,0,3,0,0,11,140
64,Dipal Patel,B,Jetha 11,14,11,0,0,0,0,11,110
65,Amit Jadli,B,Parsippany Phoenix XI,7,1,10,0,0,0,11,110
66,Vipul Patel,A,Nj Braves,14,10,0,1,0,0,11,120
67,Jasmeet Singh,A,PUNJAB XI,12,10,0,1,0,0,11,120
68,Harsh Savani,A,Blasters,7,1,10,0,0,0,11,110
69,Sujesh Nair,B,F5,12,10,0,0,1,0,11,110
70,Kartik Malladi,A,Mercer Challengers,9,0,11,0,0,0,11,110
71,Jitendra Singh,B,Jersey Boys,12,10,1,0,0,0,11,110
72,Parth Surti,B,Jetha 11,14,11,0,0,0,0,11,110
73,Satish Kasireddy,A,Youth For Sewa,15,8,0,1,2,0,11,120
74,Chinmaya Sahu,A,Plainsboro Knights,8,4,0,4,2,0,10,140
75,Raghuveer Bethelli,B,Parsippany Phoenix XI,14,8,0,2,0,0,10,120
76,Avi Shah,A,Gujarat United XI,14,7,0,3,0,0,10,130
77,Yogesh Patel,B,11spartans,11,3,7,0,0,0,10,100
78,Jatan Vaidya,B,Juggernaut,11,7,1,2,0,0,10,120
79,Muhammad Haseeb,B,Nj Stars CC,15,7,0,2,1,0,10,120
80,Uma Maheswara Rao Patibandla,B,Veerans,8,6,1,2,1,0,10,120
81,Nirav Patel,B,Jetha 11,14,10,0,0,0,0,10,100
82,Amin Khatri,B,Maha CC,12,10,0,0,0,0,10,100
83,Rushi Makwana,A,Nj Braves,11,10,0,0,0,0,10,100
84,Bhargav Reddy Napa,B,Plainsboro Eagles,13,9,0,1,0,0,10,110
85,Danish Shaikh,B,Maha CC,11,9,0,1,0,0,10,110
86,Hemil Patel,B,Piscataway Avengers,13,9,0,0,1,0,10,100
87,Imran Raja,B,Nj Stars CC,14,8,0,1,1,0,10,110
88,Umesh Jain,B,Maha CC,7,4,6,0,0,0,10,100
89,Shri Patel,A,Pway Lions,11,10,0,0,0,0,10,100
90,Manan Patel,B,Juggernaut,15,8,2,0,0,0,10,100
91,Sachin Rathod,A,Hudson Hurricanes,12,10,0,0,0,0,10,100
92,Neel Patel,A,Pway Lions,13,8,2,0,0,0,10,100
93,Rupak Das,B,Edison Rebelz,12,0,7,1,2,0,10,110
94,Savan Patel,A,RHG,14,3,3,1,0,2,9,120
95,Manthan Patel,A,Blasters,12,8,0,1,0,0,9,100
96,Neel Patel-13,B,11spartans,13,8,0,1,0,0,9,100
97,Gowtham Akula,A,Plainsboro Knights,14,8,0,1,0,0,9,100
98,Azam Mohammad,A,PUNJAB XI,13,7,0,2,0,0,9,110
99,Srinivas Darbha,B,Plainsboro Eagles,8,1,8,0,0,0,9,90
100,Sanjeev Sharma,B,Rowdy Rebels,10,1,8,0,0,0,9,90
101,Mubassir Mansuri,B,Nj Tigers,11,9,0,0,0,0,9,90
102,Ashish Shetty,A,Samudhra Gladiators,12,8,1,0,0,0,9,90
103,Lovely Singh,A,PUNJAB XI,13,9,0,0,0,0,9,90
104,Haren Patel,B,Jetha 11,10,8,0,1,0,0,9,100
105,Hardik Bhilota,A,Nj Braves,14,8,0,1,0,0,9,100
106,Ranjan Patel,B,Veerans,7,1,7,0,1,0,9,90
107,Deepesh Naidu,A,Mercer Challengers,13,3,4,1,1,0,9,100
108,Milan Dave,A,Jersey Titans,10,4,0,2,3,0,9,110
109,Balu Y,A,Youth For Sewa,14,9,0,0,0,0,9,90
110,Vinoth Suseendran,A,Nj Braves,13,8,1,0,0,0,9,90
111,Monang Shah,A,Sreeshti,11,9,0,0,0,0,9,90
112,Jay Patel (JP),A,Blasters,6,6,1,0,2,0,9,90
113,Parth Patel,A,Gcc,15,8,0,0,1,0,9,90
114,Jay Trivedi,B,11spartans,12,8,0,0,1,0,9,90
115,Madhur Kaushik,B,Jersey Boys,11,4,0,1,4,0,9,100
116,Vinod Kannan,B,F5,11,3,2,3,0,0,8,110
117,Harikishore Malireddy,B,WCC,13,4,0,3,1,0,8,110
118,Rumit Patel,A,Warriors,12,6,0,2,0,0,8,100
119,Mahesh Nagappa,A,Sreeshti,14,6,0,2,0,0,8,100
120,Jenish Shah,A,Nj Braves,14,6,0,2,0,0,8,100
121,Faizan Januja,A,PUNJAB XI,9,1,7,0,0,0,8,80
122,Gaurav Darji,A,Jersey Titans,12,3,5,0,0,0,8,80
123,Aman Deshmukh,B,Fdu Giants,9,8,0,0,0,0,8,80
124,Eswar Vennapusa,A,Youth For Sewa,14,8,0,0,0,0,8,80
125,Vasu Elluri,A,Mercer Challengers,7,8,0,0,0,0,8,80
126,Lokesh Prabakaran,A,Plainsboro Knights,13,8,0,0,0,0,8,80
127,Naveen R Sripathi,A,Samudhra Gladiators,14,7,0,1,0,0,8,90
128,Subodh Singh,B,Gryffindors,13,6,1,1,0,0,8,90
129,Parth Patel,A,Gujarat United XI,8,7,0,1,0,0,8,90
130,Dheeraj Dubey,B,Blue Aces CC,14,7,0,1,0,0,8,90
131,Fenil Shah,B,Jersey Boys,12,7,0,1,0,0,8,90
132,Karan Patel,A,Gujarat United XI,13,6,1,1,0,0,8,90
133,Emmanuel Samuel Nair,A,Newport CC,12,7,0,1,0,0,8,90
134,Pratik Mane,A,Hudson Hurricanes,11,7,0,1,0,0,8,90
135,Sai Sudhan,B,WCC,10,7,0,1,0,0,8,90
136,Niraj Patel,B,Piscataway Avengers,14,4,3,0,0,1,8,90
137,Vijay Gore,B,Nj Stars CC,7,7,0,1,0,0,8,90
138,Hassan Anjum,A,Team Highlanders,11,3,4,0,0,1,8,90
139,Rajan Patel,B,11spartans,10,5,1,1,1,0,8,90
140,Bharath Reddy,B,Plainsboro Eagles,13,6,0,1,1,0,8,90
141,Rishabh Tewari,A,Storm Riders,14,8,0,0,0,0,8,80
142,Deep Patel,B,SAMP XI,11,6,2,0,0,0,8,80
143,Nish Patel,A,Pway Lions,10,8,0,0,0,0,8,80
144,Shubham Pawar,A,Hudson Hurricanes,13,8,0,0,0,0,8,80
145,Dharmik Patel,A,Warriors,11,8,0,0,0,0,8,80
146,Urjit Patel (gcc),A,Gcc,14,8,0,0,0,0,8,80
147,Abhi Patel,B,SAMP XI,7,1,7,0,0,0,8,80
148,Ravi Kanth,A,Team Highlanders,13,8,0,0,0,0,8,80
149,Srikant P,B,Edison Rebelz,12,8,0,0,0,0,8,80
150,Sabeel Shaikh,A,Storm Riders,12,8,0,0,0,0,8,80
151,Shobhit Gupta,A,Storm Riders,14,7,0,0,1,0,8,80
152,sairam Raavi,A,Falcons,13,3,1,3,0,0,7,100
153,Kiran Kumar,B,Plainsboro Eagles,8,1,5,1,0,0,7,80
154,Zoheb Khalid,B,Rowdy Rebels,12,6,0,1,0,0,7,80
155,Rohith Reddy,A,Youth For Sewa,13,2,3,2,0,0,7,90
156,Dhaval Patel,A,Gcc,11,4,1,1,1,0,7,80
157,sai Charan,A,Newport CC,9,5,0,1,1,0,7,80
158,Shravan Manne,A,Falcons,14,7,0,0,0,0,7,70
159,Diwakar Sh,B,Veerans,8,1,6,0,0,0,7,70
160,Jinal Jolly,B,F5,8,7,0,0,0,0,7,70
161,Dhaivat Patel,A,Pway Lions,12,4,3,0,0,0,7,70
162,Sravan Nekkanti,A,Hudson Hurricanes,15,6,0,1,0,0,7,80
163,Sahil Patel,A,Gcc,14,6,0,1,0,0,7,80
164,Harshad Patil,A,Samudhra Gladiators,15,6,0,1,0,0,7,80
165,Deepan Sunny Chauhan,B,Jetha 11,10,3,3,0,0,1,7,80
166,Aniket Dalal,A,Hudson Hurricanes,15,6,0,1,0,0,7,80
167,Arun Wagle,A,Hudson Hurricanes,10,6,0,1,0,0,7,80
168,Kishan Patel,B,Gryffindors,10,5,0,1,1,0,7,80
169,Lakshman Rajulapati,A,Falcons,7,7,0,0,0,0,7,70
170,Rizwan Ahmed,A,PUNJAB XI,10,7,0,0,0,0,7,70
171,Gopi Sendurapandian,B,Veerans,14,4,3,0,0,0,7,70
172,Rahil Shah,A,RHG,14,7,0,0,0,0,7,70
173,Vinit Bharadwaj,A,Samudhra Gladiators,12,6,1,0,0,0,7,70
174,Parth Shah,B,Jersey Boys,10,7,0,0,0,0,7,70
175,Tushar Choksi,B,Plainsboro Eagles,11,7,0,0,0,0,7,70
176,Raghuraman Varadharajan,A,Plainsboro Knights,13,7,0,0,0,0,7,70
177,Baseer Ahmed Mohammed,A,RHG,13,6,1,0,0,0,7,70
178,Shailesh Khadapkar,B,Edison Rebelz,11,7,0,0,0,0,7,70
179,Vraj Shah,A,Pway Lions,8,5,2,0,0,0,7,70
180,Allan Dabre,B,Aryans,14,5,2,0,0,0,7,70
181,Raghav Sehgal,B,WCC,8,2,3,0,2,0,7,70
182,Rakesh Kar,A,Desi Warriors,15,4,0,1,2,0,7,80
183,Vikasreddy Rangapur,B,Parsippany Phoenix XI,13,1,3,1,2,0,7,80
184,Komal(KC) Patel,A,Jersey Titans,9,6,0,0,1,0,7,70
185,Sohil Kothari,B,Gryffindors,12,6,0,0,1,0,7,70
186,Mrugesh Patel,A,Gcc,14,6,0,0,1,0,7,70
187,Satish Sarode,A,Storm Riders,11,6,0,0,1,0,7,70
188,Ankit Patel,B,Gryffindors,12,3,0,3,0,0,6,90
189,Rizwan Bajwa,B,Maha CC,11,3,0,3,0,0,6,90
190,Zeeshan Raja,B,Nj Stars CC,4,3,2,1,0,0,6,70
191,Kailash Naithani,B,Juggernaut,14,4,0,2,0,0,6,80
192,Sourabh Guha,B,Aryans,13,4,0,2,0,0,6,80
193,Abhishek Patel,A,Warriors,14,3,3,0,0,0,6,60
194,Preet Suthar,A,Blasters,8,6,0,0,0,0,6,60
195,Sandeep Mistry,B,Edison Rebelz,13,2,4,0,0,0,6,60
196,Syam Pandya,B,Jetha 11,7,0,6,0,0,0,6,60
197,Nisarg Patel,B,SAMP XI,6,5,1,0,0,0,6,60
198,Nisar Ahmad,B,WCC,11,5,0,1,0,0,6,70
199,Thulasi Thota,B,F5,12,5,0,1,0,0,6,70
200,Vikul Rajpara,B,Jersey Boys,15,5,0,1,0,0,6,70
