#,Player,Group,Team,Mat,Inns,Overs,Runs,Wkts,BBF,Mdns,dots,Econ,Avg,SR,Hat-trick,4w,5w,Wides,Nb,Points
1,Siddharth Terde,C,Brown Munde,14,14,52.5,200,35,11/ 4,9,220,3.79,5.71,9.1,0,1,0,6,3,976
2,Ajinkya Pradhan,C,Waterfront Warriors,15,15,57.3,207,34,7/ 4,5,223,3.60,6.09,10.1,0,3,0,12,1,905
3,Satish kumar Durgam,D,Jersey Sloggers,15,15,58.5,364,33,28/ 5,1,184,6.19,11.03,10.7,0,1,1,22,4,771
4,Shoaib Jafri,D,MCC - Weekenders,13,13,47.0,206,32,12/ 5,1,172,4.38,6.44,8.8,0,2,1,13,0,774
5,Raj Tiguti,D,Vikings CC,14,13,44.0,245,32,5/ 5,0,147,5.57,7.66,8.2,0,0,3,18,1,755
6,Dipen Patel,D,Cricket Warriors,13,13,40.3,263,30,19/ 4,0,121,6.49,8.77,8.1,0,4,0,12,3,678
7,Sanjay Geepalayam,C,NJKnights,15,15,54.4,426,30,2/ 4,0,148,7.79,14.20,10.9,0,2,0,11,8,645
8,sameer sunnak,B,Sinclair Lions,15,14,52.2,349,29,26/ 5,0,177,6.67,12.03,10.8,0,1,1,48,2,656
9,Dileep Linga,D,Plainsboro Panthers,13,13,45.2,221,28,13/ 5,2,163,4.88,7.89,9.7,0,2,1,22,1,699
10,Harjot Singh Saini,A,GoldFinch Cricket Club,12,12,43.0,199,27,22/ 4,1,151,4.63,7.37,9.6,0,1,0,13,0,653
11,Pushpraj Rajput,C,Saffron Sapphire,13,13,50.2,278,27,9/ 5,4,183,5.52,10.30,11.2,0,2,2,9,10,701
12,Ganesh Vasam,C,Thunder Strikers Weekenders,13,13,41.1,254,27,17/ 5,3,137,6.17,9.41,9.1,0,2,1,19,4,665
13,Vamshidhar Reddy,A,SB Vikings Cricket Club,13,13,45.2,280,27,24/ 5,2,142,6.18,10.37,10.1,0,0,1,17,3,644
14,Satyanarayana Manne,A,Edison Riders,14,14,41.4,211,26,32/ 5,2,147,5.06,8.12,9.6,1,0,1,8,4,639
15,Ranga Rao Kosaraju,B,NJ Marvels,13,12,45.0,255,26,14/ 6,1,154,5.67,9.81,10.4,1,0,1,7,4,612
16,Hardik Jani,A,Robbinsville Jaguars,12,12,34.3,180,25,4/ 4,0,119,5.22,7.20,8.3,0,5,0,12,1,594
17,Bhavik Brahmbhatt,C,Saffron Sapphire,12,12,44.3,245,25,10/ 4,0,150,5.51,9.80,10.7,0,1,0,28,3,575
18,Raghuveer Bethelli,D,Jersey Sloggers,14,14,48.5,276,25,20/ 5,1,154,5.65,11.04,11.7,0,1,1,23,1,606
19,Bikash Ghibila,B,Top Guns,13,12,39.1,235,25,22/ 5,0,121,6.00,9.40,9.4,0,1,1,23,0,578
20,Gautam Ahuja,D,Jersey City Dominators,13,13,49.2,299,25,10/ 4,2,169,6.06,11.96,11.8,0,3,0,29,1,607
21,Sunit Shirke,D,Jersey City Dominators,12,12,44.2,269,25,18/ 4,2,159,6.07,10.76,10.6,0,2,0,24,6,607
22,Danish Shaikh,C,Mystery Squad,15,15,46.0,282,25,11/ 4,0,157,6.13,11.28,11.0,0,2,0,10,5,579
23,Bhadresh Patel,D,Cricket Warriors,14,14,51.1,316,25,20/ 4,2,173,6.18,12.64,12.3,0,1,0,34,0,602
24,Venkata brahmaiah naidu Gadireddy,C,Thunder Strikers Weekenders,15,14,46.1,200,24,7/ 3,0,159,4.33,8.33,11.5,0,0,0,33,0,584
25,Ankit Singh,A,Hudson Hurricanes Sultans,14,13,43.4,209,24,8/ 5,1,147,4.79,8.71,10.9,0,0,1,13,2,601
26,Varun Bhat,A,Secaucus Fighters,11,11,39.0,187,24,7/ 4,1,146,4.79,7.79,9.8,0,3,0,28,1,582
27,Krishna Kalakuntla,C,Telugu Titans - Weekenders,13,13,37.0,197,24,14/ 6,1,140,5.32,8.21,9.2,1,1,2,28,10,584
28,Madesh Swaminaidu,A,SB Vikings Cricket Club,13,13,45.0,254,24,6/ 4,2,152,5.64,10.58,11.2,0,1,0,17,4,595
29,Ram Prakash Kota,C,Edison Kings,13,14,44.4,281,24,27/ 4,0,147,6.29,11.71,11.2,0,1,0,39,0,551
30,Tamil R,A,SB Vikings Challengers Cricket Club,15,14,51.0,323,24,11/ 4,0,155,6.33,13.46,12.8,0,1,0,14,4,548
31,Nanje Gowda,D,Vikings CC,10,10,33.3,144,23,4/ 4,1,133,4.30,6.26,8.7,0,3,0,19,5,569
32,CK 12,A,Edison Super Kings,14,13,45.4,213,23,21/ 5,2,153,4.66,9.26,11.9,0,0,2,22,4,593
33,Sabeel Shaikh,B,Giant Slayers,13,13,35.3,180,23,17/ 4,0,127,5.07,7.83,9.3,0,1,0,15,1,545
34,Rohit Pradhan,A,Hudson Hurricanes Sultans,14,13,36.0,188,23,10/ 3,0,115,5.22,8.17,9.4,0,0,0,13,2,540
35,Hamza Shahid,D,MCC - Weekenders,14,13,49.4,264,23,10/ 4,0,178,5.32,11.48,13.0,0,1,0,25,4,537
36,Varun Shah,A,Edison Warriors,13,12,44.5,253,23,10/ 4,1,137,5.64,11.00,11.7,0,2,0,13,2,558
37,Srini Yandrapu,A,SB Vikings Challengers Cricket Club,15,15,51.0,302,23,25/ 4,1,172,5.92,13.13,13.3,0,1,0,23,2,553
38,Vraj Patel,D,BLOODLINE,12,12,44.1,263,23,7/ 6,2,144,5.95,11.43,11.5,0,1,1,23,1,567
39,Sherry Singh,C,Iselin Warriors,12,11,38.2,156,22,8/ 4,2,143,4.07,7.09,10.5,0,1,0,14,0,562
40,Shrivats Vyas,B,JC Warriors,10,10,39.1,171,22,8/ 3,6,153,4.37,7.77,10.7,0,0,0,12,5,616
41,Rakesh Kar,B,Monroe Mavericks,15,15,44.0,201,22,24/ 5,2,157,4.57,9.14,12.0,0,0,1,7,2,562
42,Surya Nallamilli,C,Telugu Titans - Weekenders,13,13,44.0,205,22,13/ 6,5,166,4.66,9.32,12.0,0,0,1,16,3,606
43,Darsh Ajmera,D,NJ Titans,15,14,49.5,233,22,19/ 4,1,187,4.68,10.59,13.6,0,1,0,15,0,553
44,Gaurang Rana,C,Saffron Sapphire,13,13,46.5,230,22,19/ 3,1,169,4.91,10.45,12.8,0,0,0,19,0,539
45,Raja Kondi,D,Jc Mavericks,13,13,48.0,237,22,26/ 5,2,164,4.94,10.77,13.1,0,0,1,22,5,551
46,Haridut Athi,C,Mystery Squad,15,14,36.4,191,22,11/ 4,1,120,5.21,8.68,10.0,0,2,0,6,0,528
47,Gurmeet Singh,A,GoldFinch Cricket Club,13,13,43.2,239,22,14/ 5,1,150,5.52,10.86,11.8,0,0,1,16,2,531
48,Harjeewan Singh,A,Robbinsville Jaguars,10,10,35.3,223,22,13/ 5,0,112,6.28,10.14,9.7,1,1,1,4,4,499
49,Praveen Mandya,C,Nj Warriors,15,15,46.5,305,22,17/ 4,0,157,6.51,13.86,12.8,0,1,0,25,6,496
50,Chandrasekhar A,A,Edison Riders,14,14,41.0,272,22,8/ 4,2,150,6.63,12.36,11.2,0,1,0,57,3,520
51,Lalit Joshi,C,Windsor Warriors,11,11,37.0,267,22,15/ 4,0,110,7.22,12.14,10.1,0,2,0,18,1,489
52,Nirav Pathak,D,NJ Titans,12,12,38.1,191,21,6/ 3,0,146,5.00,9.10,10.9,0,0,0,32,7,499
53,Faisal Mehmood,C,Raptors,11,11,38.0,213,21,11/ 4,1,136,5.61,10.14,10.9,0,1,0,28,2,501
54,Shubh Bhardwaj,D,Jersey City Dominators,11,11,39.3,225,21,15/ 4,0,146,5.70,10.71,11.3,0,1,0,13,2,485
55,Thirupathi Chella,C,JERSEY TIGERS,12,12,45.0,281,21,12/ 5,1,154,6.24,13.38,12.9,0,0,1,23,4,505
56,Harshad Patil,A,VRK Gladiators,12,12,27.3,175,21,24/ 5,0,97,6.36,8.33,7.9,0,1,1,19,0,487
57,Chandra Narayanaswamy,A,SB Vikings Challengers Cricket Club,14,13,41.1,273,21,21/ 4,1,130,6.63,13.00,11.8,0,1,0,35,6,482
58,Mukesh Pandey,C,Lincoln XI,13,13,47.1,316,21,22/ 5,1,134,6.70,15.05,13.5,0,0,1,14,2,490
59,Dhruvin Shah,B,Sinclair Lions,8,8,29.1,128,20,17/ 4,2,113,4.39,6.40,8.8,0,2,0,18,2,502
60,VIJAYANAND PONNADA,D,Plainsboro Panthers,10,10,34.5,181,20,5/ 4,2,114,5.20,9.05,10.4,0,2,0,10,1,509
61,Neel Patel-13,D,Shreeji XI,14,13,40.0,210,20,7/ 4,4,159,5.25,10.50,12.0,1,2,0,11,7,536
62,Zubin Shah,A,Karma XI,9,8,31.5,168,20,25/ 4,1,113,5.28,8.40,9.6,0,1,0,4,4,479
63,Rajesh Kumar,A,Phoenix Flyers,13,13,39.0,206,20,23/ 4,1,128,5.28,10.30,11.7,1,1,0,17,11,486
64,Shivananda Bashetter,B,Express Rangers,13,10,30.4,162,20,13/ 4,0,102,5.28,8.10,9.2,0,2,0,22,1,463
65,Sudhanshoo Vashisht,C,Mystery Squad,12,12,41.2,222,20,9/ 3,4,156,5.37,11.10,12.4,0,0,0,21,5,533
66,Virendra D,B,United Falcons,13,11,30.2,168,20,15/ 3,0,88,5.54,8.40,9.1,0,0,0,12,0,468
67,Pratik Mane,B,JC Warriors,12,11,36.3,208,20,22/ 4,0,142,5.70,10.40,10.9,1,2,0,77,2,465
68,Sravan Nekkanti,A,Hudson Hurricanes Sultans,12,11,39.0,231,20,5/ 4,1,128,5.92,11.55,11.7,0,1,0,21,0,483
69,Pratik Patel,C,Invincible CC,9,9,30.2,193,20,8/ 3,2,94,6.36,9.65,9.1,0,0,0,6,2,486
70,Yogesh Sharma,D,Power Hitters,13,12,40.2,259,20,14/ 4,0,129,6.42,12.95,12.1,0,2,0,13,2,459
71,Anoop Athayil,A,Robbinsville Jaguars,10,9,26.0,169,20,6/ 5,0,78,6.50,8.45,7.8,1,0,1,9,1,454
72,Ramana Jajula,A,Mag11,13,10,31.3,125,19,8/ 4,3,120,3.97,6.58,9.9,0,1,0,11,1,508
73,Sunil Gurujala,A,Phoenix Flyers,12,12,43.0,197,19,3/ 3,1,157,4.58,10.37,13.6,0,0,0,33,0,470
74,Gopinadh Rayala,A,Edison Riders,14,13,46.3,227,19,9/ 4,1,185,4.88,11.95,14.7,0,1,0,45,1,472
75,Bhanu Singaram,B,Monroe Mavericks,12,11,35.0,172,19,24/ 4,3,125,4.91,9.05,11.1,0,1,0,4,0,499
76,Dhrumil Shah,C,Iselin Warriors,10,10,34.2,172,19,8/ 4,2,126,5.01,9.05,10.8,0,1,0,8,1,478
77,Ananth Pai,C,Brown Munde,9,9,35.0,177,19,30/ 6,3,135,5.06,9.32,11.1,0,0,1,16,0,495
78,Yashkumar Patel,A,Robbinsville Jaguars,14,14,50.0,271,19,15/ 4,2,185,5.42,14.26,15.8,0,1,0,24,3,490
79,Rama Eluri,B,Troy Titans,13,13,42.1,233,19,17/ 5,1,135,5.53,12.26,13.3,0,0,1,26,4,466
80,Ishan Shah,C,Iselin Warriors,14,14,46.5,264,19,10/ 3,1,176,5.64,13.89,14.8,0,0,0,25,2,457
81,Kaushik Dutta,D,Power Hitters,12,12,36.2,209,19,23/ 4,1,122,5.75,11.00,11.5,0,1,0,19,3,467
82,Shakil San,A,SB Vikings Cricket Club,7,7,26.3,155,19,20/ 4,1,82,5.85,8.16,8.4,0,1,0,8,1,451
83,Venu Sunkavalli,A,Perryville Panthers,14,14,40.5,241,19,12/ 5,0,123,5.90,12.68,12.9,0,0,1,17,5,452
84,Chaitanya Boddu,A,Perryville Panthers,14,14,46.4,283,19,9/ 3,1,162,6.06,14.89,14.7,0,0,0,34,6,455
85,Balaji Rajagopalan,A,SB Vikings Cricket Club,10,10,34.2,213,19,20/ 4,0,95,6.20,11.21,10.8,0,3,0,20,2,433
86,Bhuvan Arun,C,NJKnights,13,13,46.0,344,19,16/ 3,0,137,7.48,18.11,14.5,0,0,0,29,8,434
87,Kuldeep Shukla,A,Hudson Hurricanes Sultans,12,12,42.0,184,18,10/ 5,2,161,4.38,10.22,14.0,0,0,1,25,0,477
88,Keyur Barot,A,Secaucus Fighters,10,10,33.4,148,18,13/ 4,2,115,4.40,8.22,11.2,0,1,0,12,0,466
89,Yashwant Rao,D,NJ Titans,9,8,27.5,134,18,10/ 4,4,99,4.81,7.44,9.3,0,1,0,8,7,484
90,Santosh Lalan,B,JC Warriors,8,8,31.5,156,18,2/ 5,4,122,4.90,8.67,10.6,0,1,1,11,3,490
91,Mahesh Nagappa,B,Sreeshti Weekenders,12,12,28.0,146,18,4/ 3,1,93,5.21,8.11,9.3,0,0,0,7,0,455
92,Rahul Gundani,A,Em Sports Club,14,14,45.2,244,18,13/ 3,1,155,5.38,13.56,15.1,0,0,0,25,0,454
93,Sarbjitsingh Sahota,B,Monroe Mavericks,12,12,33.3,183,18,10/ 5,1,118,5.46,10.17,11.2,0,1,1,20,4,450
94,Kamal Choudhury,B,Sreeshti Weekenders,13,12,33.3,190,18,6/ 4,0,119,5.67,10.56,11.2,0,1,0,21,0,417
95,Anand Chaudhary,C,Windsor Warriors,13,13,43.4,249,18,28/ 4,2,153,5.70,13.83,14.6,0,1,0,13,3,453
96,Visu Kondeti,D,Morris Indians,14,14,48.0,280,18,7/ 3,2,163,5.83,15.56,16.0,0,0,0,19,13,454
97,Sankar Gudapati,D,Jc Mavericks,14,14,54.2,319,18,8/ 2,3,181,5.87,17.72,18.1,0,0,0,29,3,470
98,Ramana Isukapalli,B,Sinclair Lions,13,13,31.5,188,18,9/ 4,0,96,5.91,10.44,10.6,0,1,0,26,0,430
99,Subin Moni,A,Staten Island Strikers,8,8,31.2,186,18,15/ 5,2,105,5.94,10.33,10.4,0,0,1,16,3,442
100,Abhishek Yadav,C,Lincoln XI,11,11,37.1,224,18,10/ 4,0,121,6.03,12.44,12.4,0,1,0,23,1,415
101,Suraj Pai Madhukar,A,VRK Gladiators,9,16,36.4,244,18,11/ 5,2,104,6.65,13.56,12.2,0,0,2,12,4,446
102,Govind Somvanshi,D,Jersey Sloggers,14,14,46.2,311,18,11/ 3,1,141,6.71,17.28,15.4,0,0,0,13,2,433
103,Rohit Khatri,D,CHAMPIONS,15,14,33.0,223,18,23/ 5,0,105,6.76,12.39,11.0,0,0,1,27,10,406
104,Jitendra Purohit,A,Cricket Lovers,13,13,32.3,226,18,10/ 4,1,97,6.95,12.56,10.8,0,2,0,15,7,423
105,Uday Kota,D,Morris Indians,14,10,32.4,236,18,11/ 3,1,101,7.22,13.11,10.9,0,0,0,30,0,419
106,Pavan Rohith Midimilla,A,Cricket Lovers,15,14,45.0,341,18,20/ 4,0,126,7.58,18.94,15.0,0,1,0,28,2,397
107,Sachin Ghemud,B,Firehawks,12,13,36.0,285,18,16/ 3,0,99,7.92,15.83,12.0,0,0,0,17,10,393
108,Patel Shivam,A,Bethak Titans,12,12,34.4,296,18,43/ 5,0,97,8.54,16.44,11.6,0,0,1,30,17,389
109,Asif Mohammed,B,JC Warriors,8,8,29.0,111,17,11/ 3,2,115,3.83,6.53,10.2,0,0,0,5,3,444
110,Yuvraj Rajpurohit,C,Waterfront Warriors,8,8,28.0,126,17,10/ 4,1,110,4.50,7.41,9.9,0,1,0,17,2,421
111,Neel Joshi,B,United Falcons,12,12,32.0,148,17,7/ 4,3,122,4.62,8.71,11.3,0,1,0,6,2,450
112,Vikas Mane,D,CHAMPIONS,8,8,24.0,116,17,14/ 4,0,85,4.83,6.82,8.5,0,2,0,11,6,402
113,Sowmith K,C,Trident CC,10,9,33.0,165,17,10/ 3,4,129,5.00,9.71,11.6,0,0,0,22,1,457
114,Daksh Bhakta,A,Bethak Titans,11,11,32.1,211,17,17/ 4,0,97,6.56,12.41,11.4,0,2,0,16,0,387
115,Nischal Maniar,C,JERSEY TIGERS,10,10,37.0,243,17,7/ 4,1,122,6.57,14.29,13.1,0,1,0,20,1,395
116,Jay Khamar,A,Edison Warriors,7,7,25.2,81,16,7/ 6,3,103,3.20,5.06,9.5,0,0,1,6,2,436
117,Kunal Chhatwani,D,NJ Titans,7,7,24.1,87,16,25/ 4,3,97,3.60,5.44,9.1,0,1,0,7,0,426
118,Kalpesh Mehta,C,Nj Warriors,9,9,29.0,130,16,11/ 4,2,107,4.48,8.12,10.9,0,3,0,12,0,421
119,Geetha Krishna Anem,C,Lincoln XI,8,8,32.0,145,16,28/ 3,2,120,4.53,9.06,12.0,1,0,0,14,1,420
120,Neel Patel,B,Pway Cubs,14,13,43.0,196,16,8/ 4,3,169,4.56,12.25,16.1,0,2,0,16,1,443
121,Nataraj Palaniyappan,B,Plainsboro Hunters,9,7,25.0,120,16,9/ 3,3,90,4.80,7.50,9.4,0,0,0,11,0,421
122,Akash Reddy Karka,C,Trident CC,12,11,35.2,175,16,11/ 4,1,128,4.95,10.94,13.2,0,1,0,15,1,403
123,Nakul Limbachiya,D,Vikings CC,11,10,30.0,154,16,9/ 4,2,104,5.13,9.62,11.2,0,2,0,17,2,413
124,Ravi Rathod,D,Shreeji XI,9,9,22.2,115,16,12/ 4,0,87,5.15,7.19,8.4,0,2,0,23,2,383
125,Prasad Fernando,A,NJ Boxers,13,13,44.2,230,16,10/ 4,3,154,5.19,14.38,16.6,0,1,0,8,4,447
126,Sakthivel Jagadeesan,B,Monroe Mavericks,14,13,36.0,187,16,12/ 3,1,118,5.19,11.69,13.5,0,0,0,22,1,396
127,Rohit Sharma,C,Nj Warriors,13,13,42.4,225,16,4/ 4,5,153,5.27,14.06,16.0,0,1,0,7,6,471
128,Sandeep Bikumalla,D,Jc Mavericks,11,10,28.2,153,16,16/ 4,1,87,5.40,9.56,10.6,0,1,0,8,1,388
129,Arun Tamilarasan,A,Edison Super Kings,8,8,30.3,166,16,8/ 3,0,86,5.44,10.38,11.4,0,0,0,13,0,375
130,Veeraswamy Veeramreddy,B,Express Rangers,11,11,29.4,163,16,14/ 4,1,99,5.49,10.19,11.1,0,1,0,13,2,390
131,Jay Trivedi,D,Shreeji XI,11,11,28.3,160,16,7/ 5,1,111,5.61,10.00,10.7,0,0,1,17,2,384
132,Hitesh Pandya,C,Invincible CC,9,9,30.0,171,16,9/ 5,2,101,5.70,10.69,11.2,0,1,1,12,1,404
133,arockia prabakar lazar,A,Edison Super Kings,11,10,34.0,194,16,17/ 4,1,123,5.71,12.12,12.8,0,1,0,31,6,386
134,Pradeep Krishnapatnam,B,Firehawks,10,11,41.0,235,16,32/ 4,2,143,5.73,14.69,15.4,0,1,0,14,6,406
135,Prakash Baskar,D,Bayonne CC,14,11,35.0,214,16,13/ 3,1,114,6.11,13.38,13.1,0,0,0,30,0,382
136,Shiv K,C,Edison Kings,7,7,21.5,136,16,9/ 4,1,76,6.23,8.50,8.2,0,2,0,10,1,379
137,Imran Khan,B,EB Strikers,11,11,36.0,229,16,18/ 3,0,111,6.36,14.31,13.5,0,0,0,20,2,369
138,Ajith Nalluri,D,Vikings CC,10,9,23.2,152,16,13/ 4,2,73,6.51,9.50,8.8,0,2,0,7,3,403
139,Tushar Patel,D,TRIDENTS XI,15,12,38.2,280,16,27/ 4,1,118,7.30,17.50,14.4,0,1,0,12,5,392
140,Phanikumar Bellamkonda,C,Incredibulls,7,7,25.2,94,15,6/ 5,1,99,3.71,6.27,10.1,0,0,1,11,0,378
141,Vishal Choudhary,B,JC Warriors,6,6,16.3,65,15,14/ 4,0,54,3.94,4.33,6.6,0,1,0,13,1,358
142,Nish Patel,B,Pway Cubs,7,7,22.0,87,15,38/ 4,3,92,3.95,5.80,8.8,0,1,0,8,2,409
143,Harshal Ghangale,A,Mag11,15,15,46.0,194,15,7/ 4,1,168,4.22,12.93,18.4,0,1,0,20,1,419
144,Sai Ch,A,Phoenix Flyers,12,12,42.0,181,15,7/ 3,1,153,4.31,12.07,16.8,0,0,0,17,3,387
145,Harsh Mehta,D,NJ Titans,9,9,34.0,149,15,14/ 5,2,142,4.38,9.93,13.6,0,0,1,19,4,404
146,Venkat Guttikonda,D,Morris Indians,11,11,39.0,179,15,5/ 3,1,147,4.59,11.93,15.6,0,0,0,23,1,387
147,Sanketh Shetty,B,United Falcons,9,8,25.0,128,15,17/ 4,1,85,5.12,8.53,10.0,0,2,0,22,1,366
148,Suman Maramreddy,D,Sparta XI,9,9,36.0,194,15,11/ 4,2,133,5.39,12.93,14.4,0,1,0,7,2,381
149,Nitesh C,D,Plainsboro Panthers,12,10,29.3,162,15,7/ 3,0,87,5.49,10.80,11.8,0,0,0,20,0,351
150,Praveen Kaushal,D,Power Hitters,13,13,39.0,216,15,14/ 3,1,123,5.54,14.40,15.6,0,0,0,23,1,386
151,Bhavik B Chokshi,A,GoldFinch Cricket Club,10,9,26.3,147,15,4/ 4,0,94,5.55,9.80,10.6,0,2,0,20,2,348
152,Sajin Shaji,A,Staten Island Strikers,12,12,43.2,251,15,19/ 3,4,148,5.79,16.73,17.3,0,0,0,21,2,413
153,Raghav Arora,A,Secaucus Fighters,10,10,36.4,213,15,21/ 4,1,127,5.81,14.20,14.7,0,1,0,10,3,377
154,Siva Musuluri,B,MKCC Weekenders,8,8,23.2,143,15,9/ 4,0,79,6.13,9.53,9.3,0,1,0,11,2,350
155,Ankith Nayakoti,C,Telugu Titans - Weekenders,6,6,20.3,126,15,11/ 5,1,74,6.15,8.40,8.2,0,0,1,8,2,365
156,Nikunj Malpani,B,United Falcons,12,12,36.4,227,15,15/ 3,0,126,6.19,15.13,14.7,0,0,0,10,6,342
157,Nagaraja Pandiyan Moorthy,B,Plainsboro Hunters,12,12,38.4,268,15,17/ 4,1,118,6.93,17.87,15.5,0,1,0,12,4,358
158,Sreenath Dande,B,Troy Titans,14,13,35.5,255,15,11/ 3,1,100,7.12,17.00,14.3,0,0,0,14,5,366
159,Narendra Edumudi,B,Firehawks,13,14,32.4,254,15,14/ 2,0,79,7.78,16.93,13.1,0,0,0,22,7,331
160,Sonu Sharma,B,Jersey Aces,10,10,30.5,246,15,20/ 5,0,87,7.98,16.40,12.3,0,0,1,21,0,329
161,Santosh Thanekar,B,Sinclair Lions,6,6,22.4,81,14,15/ 4,2,87,3.57,5.79,9.7,0,1,0,6,1,367
162,Axat Patel,C,Kranti Warriors,6,6,22.4,81,14,5/ 5,0,90,3.57,5.79,9.7,0,1,1,14,0,344
163,Karan N,D,Plainsboro Panthers,11,10,29.1,117,14,9/ 4,2,111,4.01,8.36,12.5,0,1,0,12,4,372
164,Jitendra Singh,C,Jersey Superstars,9,9,18.2,74,14,17/ 4,2,72,4.04,5.29,7.9,0,1,0,11,0,356
165,sandeep shetty,A,VRK Gladiators,10,9,22.3,91,14,7/ 3,0,89,4.04,6.50,9.6,0,0,0,17,0,347
166,Malav Shah,C,Waterfront Warriors,11,11,34.2,163,14,11/ 3,1,122,4.75,11.64,14.7,0,0,0,17,1,364
167,Girish Shukla,B,Jersey Aces,5,5,19.0,96,14,18/ 4,1,60,5.05,6.86,8.1,0,2,0,3,0,341
168,Rashik Mohamed,D,TRIDENTS XI,10,9,24.0,123,14,27/ 4,0,86,5.12,8.79,10.3,0,1,0,10,3,333
169,Hemal Makadia,C,Monroe United,8,8,26.5,140,14,6/ 5,1,102,5.22,10.00,11.5,0,0,1,11,2,355
170,Chandra Sekhar Mutha,D,Bayonne CC,12,11,38.1,200,14,11/ 2,1,138,5.24,14.29,16.4,0,0,0,20,3,357
171,Jay Soni,C,Iselin Warriors,12,11,31.0,164,14,16/ 4,1,111,5.29,11.71,13.3,0,1,0,8,1,358
172,Amandeep Bawa,B,Express Rangers,11,11,36.1,199,14,11/ 4,1,123,5.50,14.21,15.5,0,1,0,15,4,351
173,VC Uttez Chitluri,C,Thunder Strikers Weekenders,13,10,25.0,138,14,9/ 2,1,88,5.52,9.86,10.7,0,0,0,14,0,342
174,Ronak Patel,B,Giant Slayers,11,10,25.0,138,14,12/ 3,1,85,5.52,9.86,10.7,0,0,0,17,1,346
175,Nisarg Bhavsar,C,Saffron Sapphire,13,11,29.2,163,14,5/ 2,1,115,5.56,11.64,12.6,0,0,0,28,1,353
176,Abbas Zaidi,B,Sreeshti Weekenders,13,13,34.4,195,14,2/ 3,1,114,5.62,13.93,14.9,0,0,0,14,1,352
177,Dinesh Bhuteja,A,Em Sports Club,8,8,30.0,177,14,12/ 3,1,110,5.90,12.64,12.9,0,0,0,8,6,340
178,Rajeev Kumar,A,Pmcc,14,14,36.1,220,14,13/ 2,0,120,6.08,15.71,15.5,0,0,0,25,1,320
179,Utsav Patel,C,Lincoln XI,13,12,33.0,208,14,20/ 3,1,116,6.30,14.86,14.1,0,0,0,28,0,333
180,Radhakrishna Kondapalli,C,Monroe United,9,9,31.5,202,14,16/ 3,0,117,6.35,14.43,13.6,0,0,0,25,1,314
181,Amrish Kumar,B,Jersey Aces,10,10,29.1,187,14,32/ 4,1,85,6.41,13.36,12.5,1,1,0,9,4,339
182,Sakthivel Veeramuthu,D,Bayonne CC,11,11,29.2,190,14,22/ 4,0,88,6.48,13.57,12.6,0,1,0,7,0,326
183,Shubham Bhutada,D,Newport Narcos,11,11,34.0,223,14,14/ 3,1,108,6.56,15.93,14.6,0,0,0,25,3,329
184,Anup Gondkar,A,Phoenix Flyers,12,9,17.0,112,14,8/ 4,1,51,6.59,8.00,7.3,0,2,0,9,2,337
185,Soumyabrata Paul,A,Karma XI,10,9,28.2,192,14,15/ 3,0,89,6.78,13.71,12.1,0,0,0,22,3,316
186,Sukumar Paturi,C,NJKnights,12,11,33.2,243,14,16/ 3,0,94,7.29,17.36,14.3,0,0,0,9,4,309
187,Drumil Amin,B,Pway Cubs,7,6,15.0,43,13,2/ 5,1,59,2.87,3.31,6.9,0,0,1,4,0,343
188,Tejas Patel(26),B,United Falcons,7,7,25.0,74,13,14/ 4,0,111,2.96,5.69,11.5,0,1,0,7,2,322
189,Harsh Shukla,A,Mag11,9,8,19.1,66,13,8/ 3,3,74,3.44,5.08,8.8,0,0,0,2,1,361
190,NIKHIL THOTA,B,Plainsboro Hunters,10,9,30.0,124,13,18/ 3,0,113,4.13,9.54,13.8,0,0,0,13,0,326
191,Mohit Jain,A,Hudson Hurricanes Sultans,7,7,24.4,110,13,5/ 4,1,93,4.46,8.46,11.4,0,1,0,5,1,332
192,Jay Patel,C,Saffron Sapphire,5,4,16.0,74,13,17/ 6,1,65,4.62,5.69,7.4,0,0,1,21,0,314
193,Naveen Natarajan,A,Mag11,11,9,30.5,147,13,6/ 4,1,123,4.77,11.31,14.2,1,1,0,16,3,338
194,Siddhant Kumar,C,Waterfront Warriors,9,9,25.0,136,13,12/ 4,1,93,5.44,10.46,11.5,0,1,0,17,4,326
195,Sidd Chou,C,Telugu Titans - Weekenders,11,7,24.0,132,13,12/ 5,0,80,5.50,10.15,11.1,0,0,1,15,0,308
196,Vamsi Krish Sanneboina,D,Parsippany Super Kings,7,7,25.2,145,13,21/ 4,2,84,5.72,11.15,11.7,0,1,0,21,0,331
197,Roop Yekollu,D,Sparta XI,14,11,32.1,190,13,17/ 3,1,98,5.91,14.62,14.8,0,0,0,11,1,320
198,Ashok Kumar Gurram,B,Troy Titans,7,7,24.0,142,13,10/ 3,0,79,5.92,10.92,11.1,0,0,0,9,1,298
199,Sivakumar Arumugam,C,Edison Kings,13,9,22.0,132,13,22/ 4,0,69,6.00,10.15,10.2,0,1,0,16,1,303
200,Srinath Nathan,A,GoldFinch Cricket Club,12,10,28.0,169,13,11/ 2,0,86,6.04,13.00,12.9,0,0,0,33,5,305
