season,champion,player_of_series,player_of_series_team,most_runs,most_runs_team,note
2016,Tuti Patriots,Narayan Jagadeesan,Dindigul Dragons,Narayan Jagadeesan,Dindigul Dragons,
2017,Chepauk Super Gillies,Washington Sundar,Tuti Patriots,Washington Sundar,Tuti Patriots,
2018,Madurai Panthers,Arun Karthik,Madurai Panthers,Arun Karthik,Madurai Panthers,
2019,Chepauk Super Gillies,Ganeshan Periyaswamy,Chepauk Super Gillies,Narayan Jagadeesan,Dindigul Dragons,
2021,Chepauk Super Gillies,Hari Nishaanth,Chepauk Super Gillies,Hari Nishaanth,Chepauk Super Gillies,
2022,Chepauk Super Gillies & Lyca Kovai Kings,Sanjay Yadav,Nellai Royal Kings,Sanjay Yadav,Nellai Royal Kings,joint champions (final washed out)
2023,Lyca Kovai Kings,Guruswamy Ajitesh,Nellai Royal Kings,Guruswamy Ajitesh,Nellai Royal Kings,
2024,Dindigul Dragons,Shahrukh Khan,Lyca Kovai Kings,Shivam Singh,Dindigul Dragons,
2025,IDream Tiruppur Tamizhans,Tushar Raheja,IDream Tiruppur Tamizhans,Tushar Raheja,IDream Tiruppur Tamizhans,"Wikipedia lists Sonu Yadav (NRK) as most runs, but he scored 133; ball-by-ball and espncricinfo's report confirm Raheja led with 488"
